id,achievementType,milestoneId,milestoneValue,title,rewardDesc,reward
1,1,1,1,Đăng Nhập 1,"Ngân phiếu x1, PhotoCard Idol Fan x1","[[100,15,1,0],[100,16,1,0]]"
2,1,2,2,Đăng Nhập 2,"Ngân  phiếu x2, PhotoCard Idol Fan x2","[[100,15,2,0],[100,16,2,0]]"
3,1,3,3,Đăng Nhập 3,"Ngân phiếu x3, PhotoCard Idol Fan x3","[[100,15,3,0],[100,16,3,0]]"
4,1,4,4,Đăng Nhập 4,"Ngân phiếu x4, PhotoCard Idol Fan x4","[[100,15,4,0],[100,16,4,0]]"
5,1,5,5,Đăng Nhập 5,"Ngân phiếu x5, PhotoCard Idol Fan x5","[[100,15,5,0],[100,16,5,0]]"
6,1,6,6,Đăng Nhập 6,"Ngân phiếu x6, PhotoCard Idol Fan x6","[[100,15,6,0],[100,16,6,0]]"
7,1,7,7,Đăng Nhập 7,"Gói cuộn x1, Thẻ đổi tên x1","[[100,66,1,0],[100,120,1,0]]"
8,1,8,9,Đăng Nhập 9,Huy hiệu Sáng tạo cao cấp x1,"[[100,41,1,0]]"
9,1,9,11,Đăng Nhập 11,Huy hiệu Diễn Xuất cao cấp x1,"[[100,45,1,0]]"
10,1,10,13,Đăng Nhập 13,Huy hiệu Cuốn Hút cao cấp x1,"[[100,49,1,0]]"
11,1,11,15,Đăng Nhập 15,Lọ huy hiệu Cao Cấp x2,"[[100,37,2,0]]"
12,1,12,17,Đăng Nhập 17,Hợp đồng Truyền thông x2,"[[100,2,2,0]]"
13,1,13,20,Đăng Nhập 20,Hợp đồng Kinh doanh x2,"[[100,1,2,0]]"
14,1,14,23,Đăng Nhập 23,Lọ huy hiệu Siêu Sao x1,"[[100,38,1,0]]"
15,1,15,26,Đăng Nhập 26,Mảnh Sách x2,"[[100,65,2,0]]"
16,1,16,29,Đăng Nhập 29,Gói EXP tố chất x3,"[[100,57,3,0]]"
17,1,17,32,Đăng Nhập 32,Gói EXP tố chất x5,"[[100,57,5,0]]"
18,1,18,36,Đăng Nhập 36,Gói cuộn x1,"[[100,66,1,0]]"
19,1,19,40,Đăng Nhập 40,Gói cuộn x1,"[[100,66,1,0]]"
20,1,20,44,Đăng Nhập 44,Gói cuộn x1,"[[100,66,1,0]]"
21,1,21,48,Đăng Nhập 48,Gói cuộn x1,"[[100,66,1,0]]"
22,1,22,52,Đăng Nhập 52,Gói cuộn x1,"[[100,66,1,0]]"
23,1,23,60,Đăng Nhập 60,Gói cuộn x1,"[[100,66,1,0]]"
24,1,24,70,Đăng Nhập 70,Gói cuộn x1,"[[100,66,1,0]]"
25,1,25,100,Đăng Nhập 100,Gói cuộn x1,"[[100,66,1,0]]"
26,1,26,150,Đăng Nhập 150,Gói cuộn x1,"[[100,66,1,0]]"
27,1,27,200,Đăng Nhập 200,Gói cuộn x2,"[[100,66,2,0]]"
28,1,28,250,Đăng Nhập 250,Gói cuộn x3,"[[100,66,3,0]]"
29,1,29,300,Đăng Nhập 300,Gói cuộn x4,"[[100,66,4,0]]"
30,1,30,365,Đăng Nhập 365,Gói cuộn x5,"[[100,66,5,0]]"
31,2,1,2,Trainee 3,Thẻ TIME [1 ngày] x2,"[[100,128,2,0]]"
32,2,2,3,Trainee 2,Thẻ TIME [1 ngày] x3,"[[100,128,3,0]]"
33,2,3,4,Trainee 1,Thẻ TIME [1 ngày] x5,"[[100,128,5,0]]"
34,2,4,5,Solo Artist 5,Thẻ TIME [1 ngày] x7,"[[100,128,7,0]]"
35,2,5,6,Solo Artist 4,Thẻ TIME [1 ngày] x9,"[[100,128,9,0]]"
36,2,6,7,Solo Artist 3,Thẻ TIME [1 ngày] x12,"[[100,128,12,0]]"
37,2,7,8,Solo Artist 2,Thẻ TIME [1 ngày] x15,"[[100,128,15,0]]"
38,2,8,9,Solo Artist 1,Thẻ TIME [1 ngày] x18,"[[100,128,18,0]]"
39,2,9,10,Oraz 3,Thẻ TIME [1 ngày] x22,"[[100,128,22,0]]"
40,2,10,11,Oraz 2,Thẻ TIME [1 ngày] x26,"[[100,128,26,0]]"
41,2,11,12,Oraz 1,Thẻ TIME [1 ngày] x30,"[[100,128,30,0]]"
42,2,12,13,Sao hạng 3,Thẻ TIME [1 ngày] x35,"[[100,128,35,0]]"
43,2,13,14,Sao hạng 2,Thẻ TIME [1 ngày] x40,"[[100,128,40,0]]"
44,2,14,15,Sao hạng 1,Thẻ TIME [1 ngày] x45,"[[100,128,45,0]]"
45,2,15,16,Sao hạng A,Thẻ TIME [1 ngày] x51,"[[100,128,51,0]]"
46,2,16,17,Siêu Sao,Thẻ TIME [1 ngày] x58,"[[100,128,58,0]]"
47,2,17,18,Huyền Thoại,Thẻ TIME [1 ngày] x65,"[[100,128,65,0]]"
48,3,1,1000,Tài Năng 1000,Cát xê 10k,"[[1,1,10000,0]]"
49,3,2,5000,Tài Năng 5000,Cát xê 50k,"[[1,1,50000,0]]"
50,3,3,10000,Tài Năng 10k,Cát xê 100k,"[[1,1,100000,0]]"
51,3,4,20000,Tài Năng 20k,Cát xê 200k,"[[1,1,200000,0]]"
52,3,6,30000,Tài Năng 30k,Cát xê 300k,"[[1,1,300000,0]]"
53,3,7,40000,Tài Năng 40k,Cát xê 400k,"[[1,1,400000,0]]"
54,3,8,50000,Tài Năng 50k,Cát xê 500k,"[[1,1,500000,0]]"
55,3,9,70000,Tài Năng 70k,Cát xê 700k,"[[1,1,700000,0]]"
56,3,10,90000,Tài Năng 90k,Cát xê 900k,"[[1,1,900000,0]]"
57,3,11,120000,Tài Năng 120k,"Cát xê 1,2m","[[1,1,1200000,0]]"
58,3,12,150000,Tài Năng 150k,"Cát xê 1,5m","[[1,1,1500000,0]]"
59,3,13,200000,Tài Năng 200k,Cát xê 2m,"[[1,1,2000000,0]]"
60,3,14,250000,Tài Năng 250k,"Cát xê 2,5m","[[1,1,2500000,0]]"
61,3,15,300000,Tài Năng 300k,Cát xê 3m,"[[1,1,3000000,0]]"
62,3,16,350000,Tài Năng 350k,"Cát xê 3,5m","[[1,1,3500000,0]]"
63,3,17,400000,Tài Năng 400k,Cát xê 4m,"[[1,1,4000000,0]]"
64,3,18,450000,Tài Năng 450k,"Cát xê 4,5m","[[1,1,4500000,0]]"
65,3,19,500000,Tài Năng 500k,Cát xê 5m,"[[1,1,5000000,0]]"
66,3,20,600000,Tài Năng 600k,Cát xê 6m,"[[1,1,6000000,0]]"
67,3,21,700000,Tài Năng 700k,Cát xê 7m,"[[1,1,7000000,0]]"
68,3,22,800000,Tài Năng 800k,Cát xê 8m,"[[1,1,8000000,0]]"
69,3,23,900000,Tài Năng 900k,Cát xê 9m,"[[1,1,9000000,0]]"
70,3,24,1000000,Tài Năng 1m,Cát xê 10m,"[[1,1,10000000,0]]"
71,3,25,1200000,"Tài Năng 1,2m",Cát xê 12m,"[[1,1,12000000,0]]"
72,3,26,1400000,"Tài Năng 1,4m",Cát xê 14m,"[[1,1,14000000,0]]"
73,3,27,1600000,"Tài Năng 1,6m",Cát xê 16m,"[[1,1,16000000,0]]"
74,3,28,1800000,"Tài Năng 1,8m",Cát xê 18m,"[[1,1,18000000,0]]"
75,3,29,2000000,Tài Năng 2m,Cát xê 20m,"[[1,1,20000000,0]]"
76,3,30,2300000,"Tài Năng 2,3m",Cát xê 23m,"[[1,1,23000000,0]]"
77,3,31,2600000,"Tài Năng 2,6m",Cát xê 26m,"[[1,1,26000000,0]]"
78,3,32,2900000,"Tài Năng 2,9m",Cát xê 29m,"[[1,1,29000000,0]]"
79,3,33,3200000,"Tài Năng 3,2m",Cát xê 32m,"[[1,1,32000000,0]]"
80,3,34,3500000,"Tài Năng 3,5m",Cát xê 35m,"[[1,1,35000000,0]]"
81,3,35,3800000,"Tài Năng 3,8m",Cát xê 38m,"[[1,1,38000000,0]]"
82,3,36,4100000,"Tài Năng 4,1m",Cát xê 41m,"[[1,1,41000000,0]]"
83,3,37,4400000,"Tài Năng 4,4m",Cát xê 44m,"[[1,1,44000000,0]]"
84,3,38,4700000,"Tài Năng 4,7m",Cát xê 47m,"[[1,1,47000000,0]]"
85,3,39,5000000,Tài Năng 5m,Cát xê 50m,"[[1,1,50000000,0]]"
86,3,40,5500000,"Tài Năng 5,5m",Cát xê 55m,"[[1,1,55000000,0]]"
87,3,41,6000000,Tài Năng 6m,Cát xê 60m,"[[1,1,60000000,0]]"
88,3,42,7000000,Tài Năng 7m,Cát xê 70m,"[[1,1,70000000,0]]"
89,3,43,8000000,Tài Năng 8m,Cát xê 80m,"[[1,1,80000000,0]]"
90,3,44,9000000,Tài Năng 9m,Cát xê 90m,"[[1,1,90000000,0]]"
91,3,45,10000000,Tài Năng 10m,Cát xê 100m,"[[1,1,100000000,0]]"
92,3,46,12000000,Tài Năng 12m,Cát xê 120m,"[[1,1,120000000,0]]"
93,3,47,14000000,Tài Năng 14m,Cát xê 140m,"[[1,1,140000000,0]]"
94,3,48,16000000,Tài Năng 16m,Cát xê 160m,"[[1,1,160000000,0]]"
95,3,49,18000000,Tài Năng 18m,Cát xê 180m,"[[1,1,180000000,0]]"
96,3,50,20000000,Tài Năng 20m,Cát xê 200m,"[[1,1,200000000,0]]"
97,3,51,25000000,Tài Năng 25m,Cát xê 250m,"[[1,1,250000000,0]]"
98,3,52,30000000,Tài Năng 30m,Cát xê 300m,"[[1,1,300000000,0]]"
99,3,53,35000000,Tài Năng 35m,Cát xê 350m,"[[1,1,350000000,0]]"
100,3,54,40000000,Tài Năng 40m,Cát xê 400m,"[[1,1,400000000,0]]"
101,3,55,45000000,Tài Năng 45m,Cát xê 450m,"[[1,1,450000000,0]]"
102,3,56,50000000,Tài Năng 50m,Cát xê 500m,"[[1,1,500000000,0]]"
103,3,57,60000000,Tài Năng 60m,Cát xê 600m,"[[1,1,600000000,0]]"
104,3,58,70000000,Tài Năng 70m,Cát xê 700m,"[[1,1,700000000,0]]"
105,3,59,80000000,Tài Năng 80m,Cát xê 800m,"[[1,1,800000000,0]]"
106,3,60,90000000,Tài Năng 90m,Cát xê 900m,"[[1,1,900000000,0]]"
107,3,61,100000000,Tài Năng 100m,Cát xê 1B,"[[1,1,1000000000,0]]"
108,4,1,6,Chiêu mộ Idols 6,Gói EXP tố chất x1,"[[100,57,1,0]]"
109,4,2,7,Chiêu mộ Idols 7,Gói EXP tố chất x1,"[[100,57,1,0]]"
110,4,3,8,Chiêu mộ Idols 8,Gói EXP tố chất x1,"[[100,57,1,0]]"
111,4,4,9,Chiêu mộ Idols 9,Gói EXP tố chất x2,"[[100,57,2,0]]"
112,4,5,10,Chiêu mộ Idols 10,Gói EXP tố chất x2,"[[100,57,2,0]]"
113,4,6,11,Chiêu mộ Idols 11,Gói EXP tố chất x2,"[[100,57,2,0]]"
114,4,7,12,Chiêu mộ Idols 12,Gói EXP tố chất x3,"[[100,57,3,0]]"
115,4,8,13,Chiêu mộ Idols 13,Gói EXP tố chất x3,"[[100,57,3,0]]"
116,4,9,14,Chiêu mộ Idols 14,Gói EXP tố chất x3,"[[100,57,3,0]]"
117,4,10,15,Chiêu mộ Idols 15,Gói EXP tố chất x4,"[[100,57,4,0]]"
118,4,11,16,Chiêu mộ Idols 16,Gói EXP tố chất x4,"[[100,57,4,0]]"
119,4,12,17,Chiêu mộ Idols 17,Gói EXP tố chất x4,"[[100,57,4,0]]"
120,4,13,18,Chiêu mộ Idols 18,Gói EXP tố chất x5,"[[100,57,5,0]]"
121,4,14,19,Chiêu mộ Idols 19,Gói EXP tố chất x5,"[[100,57,5,0]]"
122,4,15,20,Chiêu mộ Idols 20,Gói EXP tố chất x5,"[[100,57,5,0]]"
123,4,16,21,Chiêu mộ Idols 21,Gói EXP tố chất x6,"[[100,57,6,0]]"
124,4,17,22,Chiêu mộ Idols 22,Gói EXP tố chất x6,"[[100,57,6,0]]"
125,4,18,23,Chiêu mộ Idols 23,Gói EXP tố chất x6,"[[100,57,6,0]]"
126,4,19,24,Chiêu mộ Idols 24,Gói EXP tố chất x7,"[[100,57,7,0]]"
127,4,20,25,Chiêu mộ Idols 25,Gói EXP tố chất x7,"[[100,57,7,0]]"
128,4,21,26,Chiêu mộ Idols 26,Gói EXP tố chất x7,"[[100,57,7,0]]"
129,4,22,27,Chiêu mộ Idols 27,Gói EXP tố chất x8,"[[100,57,8,0]]"
130,4,23,28,Chiêu mộ Idols 28,Gói EXP tố chất x8,"[[100,57,8,0]]"
131,4,24,29,Chiêu mộ Idols 29,Gói EXP tố chất x8,"[[100,57,8,0]]"
132,4,25,30,Chiêu mộ Idols 30,Gói EXP tố chất x9,"[[100,57,9,0]]"
133,4,26,31,Chiêu mộ Idols 31,Gói EXP tố chất x9,"[[100,57,9,0]]"
134,4,27,32,Chiêu mộ Idols 32,Gói EXP tố chất x9,"[[100,57,9,0]]"
135,4,28,33,Chiêu mộ Idols 33,Gói EXP tố chất x10,"[[100,57,10,0]]"
136,4,29,34,Chiêu mộ Idols 34,Gói EXP tố chất x10,"[[100,57,10,0]]"
137,4,30,35,Chiêu mộ Idols 35,Gói EXP tố chất x10,"[[100,57,10,0]]"
138,4,31,36,Chiêu mộ Idols 36,Gói EXP tố chất x11,"[[100,57,11,0]]"
139,4,32,37,Chiêu mộ Idols 37,Gói EXP tố chất x11,"[[100,57,11,0]]"
140,4,33,38,Chiêu mộ Idols 38,Gói EXP tố chất x11,"[[100,57,11,0]]"
141,4,34,39,Chiêu mộ Idols 39,Gói EXP tố chất x12,"[[100,57,12,0]]"
142,4,35,40,Chiêu mộ Idols 40,Gói EXP tố chất x12,"[[100,57,12,0]]"
143,4,36,41,Chiêu mộ Idols 41,Gói EXP tố chất x12,"[[100,57,12,0]]"
144,4,37,42,Chiêu mộ Idols 42,Gói EXP tố chất x13,"[[100,57,13,0]]"
145,4,38,43,Chiêu mộ Idols 43,Gói EXP tố chất x13,"[[100,57,13,0]]"
146,4,39,44,Chiêu mộ Idols 44,Gói EXP tố chất x13,"[[100,57,13,0]]"
147,4,40,45,Chiêu mộ Idols 45,Gói EXP tố chất x14,"[[100,57,14,0]]"
148,4,41,46,Chiêu mộ Idols 46,Gói EXP tố chất x14,"[[100,57,14,0]]"
149,4,42,47,Chiêu mộ Idols 47,Gói EXP tố chất x14,"[[100,57,14,0]]"
150,4,43,48,Chiêu mộ Idols 48,Gói EXP tố chất x15,"[[100,57,15,0]]"
151,4,44,49,Chiêu mộ Idols 49,Gói EXP tố chất x15,"[[100,57,15,0]]"
152,4,45,50,Chiêu mộ Idols 50,Gói EXP tố chất x15,"[[100,57,15,0]]"
153,4,46,51,Chiêu mộ Idols 51,Gói EXP tố chất x16,"[[100,57,16,0]]"
154,4,47,52,Chiêu mộ Idols 52,Gói EXP tố chất x16,"[[100,57,16,0]]"
155,4,48,53,Chiêu mộ Idols 53,Gói EXP tố chất x16,"[[100,57,16,0]]"
156,4,49,54,Chiêu mộ Idols 54,Gói EXP tố chất x17,"[[100,57,17,0]]"
157,4,50,55,Chiêu mộ Idols 55,Gói EXP tố chất x17,"[[100,57,17,0]]"
158,4,51,56,Chiêu mộ Idols 56,Gói EXP tố chất x17,"[[100,57,17,0]]"
159,4,52,57,Chiêu mộ Idols 57,Gói EXP tố chất x18,"[[100,57,18,0]]"
160,4,53,58,Chiêu mộ Idols 58,Gói EXP tố chất x18,"[[100,57,18,0]]"
161,4,54,59,Chiêu mộ Idols 59,Gói EXP tố chất x18,"[[100,57,18,0]]"
162,4,55,60,Chiêu mộ Idols 60,Gói EXP tố chất x19,"[[100,57,19,0]]"
163,4,56,61,Chiêu mộ Idols 61,Gói EXP tố chất x19,"[[100,57,19,0]]"
164,4,57,62,Chiêu mộ Idols 62,Gói EXP tố chất x19,"[[100,57,19,0]]"
165,4,58,63,Chiêu mộ Idols 63,Gói EXP tố chất x20,"[[100,57,20,0]]"
166,4,59,64,Chiêu mộ Idols 64,Gói EXP tố chất x20,"[[100,57,20,0]]"
167,4,60,65,Chiêu mộ Idols 65,Gói EXP tố chất x20,"[[100,57,20,0]]"
168,4,61,66,Chiêu mộ Idols 66,Gói EXP tố chất x21,"[[100,57,21,0]]"
169,4,62,67,Chiêu mộ Idols 67,Gói EXP tố chất x21,"[[100,57,21,0]]"
170,4,63,68,Chiêu mộ Idols 68,Gói EXP tố chất x21,"[[100,57,21,0]]"
171,4,64,69,Chiêu mộ Idols 69,Gói EXP tố chất x22,"[[100,57,22,0]]"
172,4,65,70,Chiêu mộ Idols 70,Gói EXP tố chất x22,"[[100,57,22,0]]"
173,4,66,71,Chiêu mộ Idols 71,Gói EXP tố chất x22,"[[100,57,22,0]]"
174,4,67,72,Chiêu mộ Idols 72,Gói EXP tố chất x23,"[[100,57,23,0]]"
175,4,68,73,Chiêu mộ Idols 73,Gói EXP tố chất x23,"[[100,57,23,0]]"
176,4,69,74,Chiêu mộ Idols 74,Gói EXP tố chất x23,"[[100,57,23,0]]"
177,4,70,75,Chiêu mộ Idols 75,Gói EXP tố chất x25,"[[100,57,25,0]]"
178,5,1,41,Chiến thắng ải 41,Túi chọn đạo cụ nâng cấp x2,"[[100,108,2,0]]"
179,5,2,82,Chiến thắng ải 82,Túi chọn đạo cụ nâng cấp x2,"[[100,108,2,0]]"
180,5,3,123,Chiến thắng ải 123,Túi chọn đạo cụ nâng cấp x2,"[[100,108,2,0]]"
181,5,4,164,Chiến thắng ải 164,Túi chọn đạo cụ nâng cấp x2,"[[100,108,2,0]]"
182,5,5,205,Chiến thắng ải 205,Túi chọn đạo cụ nâng cấp x2,"[[100,108,2,0]]"
183,5,6,246,Chiến thắng ải 246,Túi chọn đạo cụ nâng cấp x2,"[[100,108,2,0]]"
184,5,7,287,Chiến thắng ải 287,Túi chọn đạo cụ nâng cấp x2,"[[100,108,2,0]]"
185,5,8,328,Chiến thắng ải 328,Túi chọn đạo cụ nâng cấp x2,"[[100,108,2,0]]"
186,5,9,369,Chiến thắng ải 369,Túi chọn đạo cụ nâng cấp x2,"[[100,108,2,0]]"
187,5,10,410,Chiến thắng ải 410,Túi chọn đạo cụ nâng cấp x2,"[[100,108,2,0]]"
188,5,11,451,Chiến thắng ải 451,Túi chọn đạo cụ nâng cấp x2,"[[100,108,2,0]]"
189,5,12,492,Chiến thắng ải 492,Túi chọn đạo cụ nâng cấp x2,"[[100,108,2,0]]"
190,5,13,533,Chiến thắng ải 533,Túi chọn đạo cụ nâng cấp x2,"[[100,108,2,0]]"
191,5,14,574,Chiến thắng ải 574,Túi chọn đạo cụ nâng cấp x2,"[[100,108,2,0]]"
192,5,15,615,Chiến thắng ải 615,Túi chọn đạo cụ nâng cấp x2,"[[100,108,2,0]]"
193,5,16,656,Chiến thắng ải 656,Túi chọn đạo cụ nâng cấp x2,"[[100,108,2,0]]"
194,5,17,697,Chiến thắng ải 697,Túi chọn đạo cụ nâng cấp x2,"[[100,108,2,0]]"
195,5,18,738,Chiến thắng ải 738,Túi chọn đạo cụ nâng cấp x2,"[[100,108,2,0]]"
196,5,19,779,Chiến thắng ải 779,Túi chọn đạo cụ nâng cấp x2,"[[100,108,2,0]]"
197,5,20,820,Chiến thắng ải 820,Túi chọn đạo cụ nâng cấp x2,"[[100,108,2,0]]"
198,5,21,861,Chiến thắng ải 861,Túi chọn đạo cụ nâng cấp x3,"[[100,108,3,0]]"
199,5,22,902,Chiến thắng ải 902,Túi chọn đạo cụ nâng cấp x3,"[[100,108,3,0]]"
200,5,23,943,Chiến thắng ải 943,Túi chọn đạo cụ nâng cấp x3,"[[100,108,3,0]]"
201,5,24,984,Chiến thắng ải 984,Túi chọn đạo cụ nâng cấp x3,"[[100,108,3,0]]"
202,5,25,1025,Chiến thắng ải 1025,Túi chọn đạo cụ nâng cấp x3,"[[100,108,3,0]]"
203,5,26,1066,Chiến thắng ải 1066,Túi chọn đạo cụ nâng cấp x3,"[[100,108,3,0]]"
204,5,27,1107,Chiến thắng ải 1107,Túi chọn đạo cụ nâng cấp x3,"[[100,108,3,0]]"
205,5,28,1148,Chiến thắng ải 1148,Túi chọn đạo cụ nâng cấp x3,"[[100,108,3,0]]"
206,5,29,1189,Chiến thắng ải 1189,Túi chọn đạo cụ nâng cấp x3,"[[100,108,3,0]]"
207,5,30,1230,Chiến thắng ải 1230,Túi chọn đạo cụ nâng cấp x3,"[[100,108,3,0]]"
208,5,31,1271,Chiến thắng ải 1271,Túi chọn đạo cụ nâng cấp x3,"[[100,108,3,0]]"
209,5,32,1312,Chiến thắng ải 1312,Túi chọn đạo cụ nâng cấp x3,"[[100,108,3,0]]"
210,5,33,1353,Chiến thắng ải 1353,Túi chọn đạo cụ nâng cấp x3,"[[100,108,3,0]]"
211,5,34,1394,Chiến thắng ải 1394,Túi chọn đạo cụ nâng cấp x3,"[[100,108,3,0]]"
212,5,35,1435,Chiến thắng ải 1435,Túi chọn đạo cụ nâng cấp x3,"[[100,108,3,0]]"
213,5,36,1476,Chiến thắng ải 1476,Túi chọn đạo cụ nâng cấp x3,"[[100,108,3,0]]"
214,5,37,1517,Chiến thắng ải 1517,Túi chọn đạo cụ nâng cấp x3,"[[100,108,3,0]]"
215,5,38,1558,Chiến thắng ải 1558,Túi chọn đạo cụ nâng cấp x3,"[[100,108,3,0]]"
216,5,39,1599,Chiến thắng ải 1599,Túi chọn đạo cụ nâng cấp x3,"[[100,108,3,0]]"
217,5,40,1640,Chiến thắng ải 1640,Túi chọn đạo cụ nâng cấp x3,"[[100,108,3,0]]"
218,5,41,1681,Chiến thắng ải 1681,Túi chọn đạo cụ nâng cấp x4,"[[100,108,4,0]]"
219,5,42,1722,Chiến thắng ải 1722,Túi chọn đạo cụ nâng cấp x4,"[[100,108,4,0]]"
220,5,43,1763,Chiến thắng ải 1763,Túi chọn đạo cụ nâng cấp x4,"[[100,108,4,0]]"
221,5,44,1804,Chiến thắng ải 1804,Túi chọn đạo cụ nâng cấp x4,"[[100,108,4,0]]"
222,5,45,1845,Chiến thắng ải 1845,Túi chọn đạo cụ nâng cấp x4,"[[100,108,4,0]]"
223,5,46,1886,Chiến thắng ải 1886,Túi chọn đạo cụ nâng cấp x4,"[[100,108,4,0]]"
224,5,47,1927,Chiến thắng ải 1927,Túi chọn đạo cụ nâng cấp x4,"[[100,108,4,0]]"
225,5,48,1968,Chiến thắng ải 1968,Túi chọn đạo cụ nâng cấp x4,"[[100,108,4,0]]"
226,5,49,2009,Chiến thắng ải 2009,Túi chọn đạo cụ nâng cấp x4,"[[100,108,4,0]]"
227,5,50,2050,Chiến thắng ải 2050,Túi chọn đạo cụ nâng cấp x4,"[[100,108,4,0]]"
228,5,51,2091,Chiến thắng ải 2091,Túi chọn đạo cụ nâng cấp x4,"[[100,108,4,0]]"
229,5,52,2132,Chiến thắng ải 2132,Túi chọn đạo cụ nâng cấp x4,"[[100,108,4,0]]"
230,5,53,2173,Chiến thắng ải 2173,Túi chọn đạo cụ nâng cấp x4,"[[100,108,4,0]]"
231,5,54,2214,Chiến thắng ải 2214,Túi chọn đạo cụ nâng cấp x4,"[[100,108,4,0]]"
232,5,55,2255,Chiến thắng ải 2255,Túi chọn đạo cụ nâng cấp x4,"[[100,108,4,0]]"
233,5,56,2296,Chiến thắng ải 2296,Túi chọn đạo cụ nâng cấp x4,"[[100,108,4,0]]"
234,5,57,2337,Chiến thắng ải 2337,Túi chọn đạo cụ nâng cấp x4,"[[100,108,4,0]]"
235,5,58,2378,Chiến thắng ải 2378,Túi chọn đạo cụ nâng cấp x4,"[[100,108,4,0]]"
236,5,59,2419,Chiến thắng ải 2419,Túi chọn đạo cụ nâng cấp x4,"[[100,108,4,0]]"
237,5,60,2460,Chiến thắng ải 2460,Túi chọn đạo cụ nâng cấp x4,"[[100,108,4,0]]"
238,5,61,2501,Chiến thắng ải 2501,Túi chọn đạo cụ nâng cấp x5,"[[100,108,5,0]]"
239,5,62,2542,Chiến thắng ải 2542,Túi chọn đạo cụ nâng cấp x5,"[[100,108,5,0]]"
240,5,63,2583,Chiến thắng ải 2583,Túi chọn đạo cụ nâng cấp x5,"[[100,108,5,0]]"
241,5,64,2624,Chiến thắng ải 2624,Túi chọn đạo cụ nâng cấp x5,"[[100,108,5,0]]"
242,5,65,2665,Chiến thắng ải 2665,Túi chọn đạo cụ nâng cấp x5,"[[100,108,5,0]]"
243,5,66,2706,Chiến thắng ải 2706,Túi chọn đạo cụ nâng cấp x5,"[[100,108,5,0]]"
244,5,67,2747,Chiến thắng ải 2747,Túi chọn đạo cụ nâng cấp x5,"[[100,108,5,0]]"
245,5,68,2788,Chiến thắng ải 2788,Túi chọn đạo cụ nâng cấp x5,"[[100,108,5,0]]"
246,5,69,2829,Chiến thắng ải 2829,Túi chọn đạo cụ nâng cấp x5,"[[100,108,5,0]]"
247,5,70,2870,Chiến thắng ải 2870,Túi chọn đạo cụ nâng cấp x5,"[[100,108,5,0]]"
248,5,71,2911,Chiến thắng ải 2911,Túi chọn đạo cụ nâng cấp x5,"[[100,108,5,0]]"
249,5,72,2952,Chiến thắng ải 2952,Túi chọn đạo cụ nâng cấp x5,"[[100,108,5,0]]"
250,5,73,2993,Chiến thắng ải 2993,Túi chọn đạo cụ nâng cấp x5,"[[100,108,5,0]]"
251,5,74,3034,Chiến thắng ải 3034,Túi chọn đạo cụ nâng cấp x5,"[[100,108,5,0]]"
252,5,75,3075,Chiến thắng ải 3075,Túi chọn đạo cụ nâng cấp x5,"[[100,108,5,0]]"
253,5,76,3116,Chiến thắng ải 3116,Túi chọn đạo cụ nâng cấp x5,"[[100,108,5,0]]"
254,5,77,3157,Chiến thắng ải 3157,Túi chọn đạo cụ nâng cấp x5,"[[100,108,5,0]]"
255,5,78,3198,Chiến thắng ải 3198,Túi chọn đạo cụ nâng cấp x5,"[[100,108,5,0]]"
256,5,79,3239,Chiến thắng ải 3239,Túi chọn đạo cụ nâng cấp x5,"[[100,108,5,0]]"
257,5,80,3280,Chiến thắng ải 3280,Túi chọn đạo cụ nâng cấp x5,"[[100,108,5,0]]"
258,5,81,3321,Chiến thắng ải 3321,Túi chọn đạo cụ nâng cấp x6,"[[100,108,6,0]]"
259,5,82,3362,Chiến thắng ải 3362,Túi chọn đạo cụ nâng cấp x6,"[[100,108,6,0]]"
260,5,83,3403,Chiến thắng ải 3403,Túi chọn đạo cụ nâng cấp x6,"[[100,108,6,0]]"
261,5,84,3444,Chiến thắng ải 3444,Túi chọn đạo cụ nâng cấp x6,"[[100,108,6,0]]"
262,5,85,3485,Chiến thắng ải 3485,Túi chọn đạo cụ nâng cấp x6,"[[100,108,6,0]]"
263,5,86,3526,Chiến thắng ải 3526,Túi chọn đạo cụ nâng cấp x6,"[[100,108,6,0]]"
264,5,87,3567,Chiến thắng ải 3567,Túi chọn đạo cụ nâng cấp x6,"[[100,108,6,0]]"
265,5,88,3608,Chiến thắng ải 3608,Túi chọn đạo cụ nâng cấp x6,"[[100,108,6,0]]"
266,5,89,3649,Chiến thắng ải 3649,Túi chọn đạo cụ nâng cấp x6,"[[100,108,6,0]]"
267,5,90,3690,Chiến thắng ải 3690,Túi chọn đạo cụ nâng cấp x6,"[[100,108,6,0]]"
268,5,91,3731,Chiến thắng ải 3731,Túi chọn đạo cụ nâng cấp x6,"[[100,108,6,0]]"
269,5,92,3772,Chiến thắng ải 3772,Túi chọn đạo cụ nâng cấp x6,"[[100,108,6,0]]"
270,5,93,3813,Chiến thắng ải 3813,Túi chọn đạo cụ nâng cấp x6,"[[100,108,6,0]]"
271,5,94,3854,Chiến thắng ải 3854,Túi chọn đạo cụ nâng cấp x6,"[[100,108,6,0]]"
272,5,95,3895,Chiến thắng ải 3895,Túi chọn đạo cụ nâng cấp x6,"[[100,108,6,0]]"
273,5,96,3936,Chiến thắng ải 3936,Túi chọn đạo cụ nâng cấp x6,"[[100,108,6,0]]"
274,5,97,3977,Chiến thắng ải 3977,Túi chọn đạo cụ nâng cấp x6,"[[100,108,6,0]]"
275,5,98,4018,Chiến thắng ải 4018,Túi chọn đạo cụ nâng cấp x6,"[[100,108,6,0]]"
276,5,99,4059,Chiến thắng ải 4059,Túi chọn đạo cụ nâng cấp x6,"[[100,108,6,0]]"
277,5,100,4100,Chiến thắng ải 4100,Túi chọn đạo cụ nâng cấp x6,"[[100,108,6,0]]"
278,5,101,4141,Chiến thắng ải 4141,Túi chọn đạo cụ nâng cấp x7,"[[100,108,7,0]]"
279,5,102,4182,Chiến thắng ải 4182,Túi chọn đạo cụ nâng cấp x7,"[[100,108,7,0]]"
280,5,103,4223,Chiến thắng ải 4223,Túi chọn đạo cụ nâng cấp x7,"[[100,108,7,0]]"
281,5,104,4264,Chiến thắng ải 4264,Túi chọn đạo cụ nâng cấp x7,"[[100,108,7,0]]"
282,5,105,4305,Chiến thắng ải 4305,Túi chọn đạo cụ nâng cấp x7,"[[100,108,7,0]]"
283,5,106,4346,Chiến thắng ải 4346,Túi chọn đạo cụ nâng cấp x7,"[[100,108,7,0]]"
284,5,107,4387,Chiến thắng ải 4387,Túi chọn đạo cụ nâng cấp x7,"[[100,108,7,0]]"
285,5,108,4428,Chiến thắng ải 4428,Túi chọn đạo cụ nâng cấp x7,"[[100,108,7,0]]"
286,5,109,4469,Chiến thắng ải 4469,Túi chọn đạo cụ nâng cấp x7,"[[100,108,7,0]]"
287,5,110,4510,Chiến thắng ải 4510,Túi chọn đạo cụ nâng cấp x7,"[[100,108,7,0]]"
288,5,111,4551,Chiến thắng ải 4551,Túi chọn đạo cụ nâng cấp x7,"[[100,108,7,0]]"
289,5,112,4592,Chiến thắng ải 4592,Túi chọn đạo cụ nâng cấp x7,"[[100,108,7,0]]"
290,5,113,4633,Chiến thắng ải 4633,Túi chọn đạo cụ nâng cấp x7,"[[100,108,7,0]]"
291,5,114,4674,Chiến thắng ải 4674,Túi chọn đạo cụ nâng cấp x7,"[[100,108,7,0]]"
292,5,115,4715,Chiến thắng ải 4715,Túi chọn đạo cụ nâng cấp x7,"[[100,108,7,0]]"
293,5,116,4756,Chiến thắng ải 4756,Túi chọn đạo cụ nâng cấp x7,"[[100,108,7,0]]"
294,5,117,4797,Chiến thắng ải 4797,Túi chọn đạo cụ nâng cấp x7,"[[100,108,7,0]]"
295,5,118,4838,Chiến thắng ải 4838,Túi chọn đạo cụ nâng cấp x7,"[[100,108,7,0]]"
296,5,119,4879,Chiến thắng ải 4879,Túi chọn đạo cụ nâng cấp x7,"[[100,108,7,0]]"
297,5,120,4920,Chiến thắng ải 4920,Túi chọn đạo cụ nâng cấp x7,"[[100,108,7,0]]"
298,5,121,4961,Chiến thắng ải 4961,Túi chọn đạo cụ nâng cấp x8,"[[100,108,8,0]]"
299,5,122,5002,Chiến thắng ải 5002,Túi chọn đạo cụ nâng cấp x8,"[[100,108,8,0]]"
300,5,123,5043,Chiến thắng ải 5043,Túi chọn đạo cụ nâng cấp x8,"[[100,108,8,0]]"
301,5,124,5084,Chiến thắng ải 5084,Túi chọn đạo cụ nâng cấp x8,"[[100,108,8,0]]"
302,5,125,5125,Chiến thắng ải 5125,Túi chọn đạo cụ nâng cấp x8,"[[100,108,8,0]]"
303,5,126,5166,Chiến thắng ải 5166,Túi chọn đạo cụ nâng cấp x8,"[[100,108,8,0]]"
304,5,127,5207,Chiến thắng ải 5207,Túi chọn đạo cụ nâng cấp x8,"[[100,108,8,0]]"
305,5,128,5248,Chiến thắng ải 5248,Túi chọn đạo cụ nâng cấp x8,"[[100,108,8,0]]"
306,5,129,5289,Chiến thắng ải 5289,Túi chọn đạo cụ nâng cấp x8,"[[100,108,8,0]]"
307,5,130,5330,Chiến thắng ải 5330,Túi chọn đạo cụ nâng cấp x8,"[[100,108,8,0]]"
308,5,131,5371,Chiến thắng ải 5371,Túi chọn đạo cụ nâng cấp x8,"[[100,108,8,0]]"
309,5,132,5412,Chiến thắng ải 5412,Túi chọn đạo cụ nâng cấp x8,"[[100,108,8,0]]"
310,5,133,5453,Chiến thắng ải 5453,Túi chọn đạo cụ nâng cấp x8,"[[100,108,8,0]]"
311,5,134,5494,Chiến thắng ải 5494,Túi chọn đạo cụ nâng cấp x8,"[[100,108,8,0]]"
312,5,135,5535,Chiến thắng ải 5535,Túi chọn đạo cụ nâng cấp x8,"[[100,108,8,0]]"
313,5,136,5576,Chiến thắng ải 5576,Túi chọn đạo cụ nâng cấp x8,"[[100,108,8,0]]"
314,5,137,5617,Chiến thắng ải 5617,Túi chọn đạo cụ nâng cấp x8,"[[100,108,8,0]]"
315,5,138,5658,Chiến thắng ải 5658,Túi chọn đạo cụ nâng cấp x8,"[[100,108,8,0]]"
316,5,139,5699,Chiến thắng ải 5699,Túi chọn đạo cụ nâng cấp x8,"[[100,108,8,0]]"
317,5,140,5740,Chiến thắng ải 5740,Túi chọn đạo cụ nâng cấp x8,"[[100,108,8,0]]"
318,5,141,5781,Chiến thắng ải 5781,Túi chọn đạo cụ nâng cấp x9,"[[100,108,9,0]]"
319,5,142,5822,Chiến thắng ải 5822,Túi chọn đạo cụ nâng cấp x9,"[[100,108,9,0]]"
320,5,143,5863,Chiến thắng ải 5863,Túi chọn đạo cụ nâng cấp x9,"[[100,108,9,0]]"
321,5,144,5904,Chiến thắng ải 5904,Túi chọn đạo cụ nâng cấp x9,"[[100,108,9,0]]"
322,5,145,5945,Chiến thắng ải 5945,Túi chọn đạo cụ nâng cấp x9,"[[100,108,9,0]]"
323,5,146,5986,Chiến thắng ải 5986,Túi chọn đạo cụ nâng cấp x9,"[[100,108,9,0]]"
324,5,147,6027,Chiến thắng ải 6027,Túi chọn đạo cụ nâng cấp x9,"[[100,108,9,0]]"
325,5,148,6068,Chiến thắng ải 6068,Túi chọn đạo cụ nâng cấp x9,"[[100,108,9,0]]"
326,5,149,6109,Chiến thắng ải 6109,Túi chọn đạo cụ nâng cấp x9,"[[100,108,9,0]]"
327,5,150,6150,Chiến thắng ải 6150,Túi chọn đạo cụ nâng cấp x9,"[[100,108,9,0]]"
328,5,151,6191,Chiến thắng ải 6191,Túi chọn đạo cụ nâng cấp x9,"[[100,108,9,0]]"
329,5,152,6232,Chiến thắng ải 6232,Túi chọn đạo cụ nâng cấp x9,"[[100,108,9,0]]"
330,5,153,6273,Chiến thắng ải 6273,Túi chọn đạo cụ nâng cấp x9,"[[100,108,9,0]]"
331,5,154,6314,Chiến thắng ải 6314,Túi chọn đạo cụ nâng cấp x9,"[[100,108,9,0]]"
332,5,155,6355,Chiến thắng ải 6355,Túi chọn đạo cụ nâng cấp x9,"[[100,108,9,0]]"
333,5,156,6396,Chiến thắng ải 6396,Túi chọn đạo cụ nâng cấp x9,"[[100,108,9,0]]"
334,5,157,6437,Chiến thắng ải 6437,Túi chọn đạo cụ nâng cấp x9,"[[100,108,9,0]]"
335,5,158,6478,Chiến thắng ải 6478,Túi chọn đạo cụ nâng cấp x9,"[[100,108,9,0]]"
336,5,159,6519,Chiến thắng ải 6519,Túi chọn đạo cụ nâng cấp x9,"[[100,108,9,0]]"
337,5,160,6560,Chiến thắng ải 6560,Túi chọn đạo cụ nâng cấp x9,"[[100,108,9,0]]"
338,5,161,6601,Chiến thắng ải 6601,Túi chọn đạo cụ nâng cấp x10,"[[100,108,10,0]]"
339,5,162,6642,Chiến thắng ải 6642,Túi chọn đạo cụ nâng cấp x10,"[[100,108,10,0]]"
340,5,163,6683,Chiến thắng ải 6683,Túi chọn đạo cụ nâng cấp x10,"[[100,108,10,0]]"
341,5,164,6724,Chiến thắng ải 6724,Túi chọn đạo cụ nâng cấp x10,"[[100,108,10,0]]"
342,5,165,6765,Chiến thắng ải 6765,Túi chọn đạo cụ nâng cấp x10,"[[100,108,10,0]]"
343,5,166,6806,Chiến thắng ải 6806,Túi chọn đạo cụ nâng cấp x10,"[[100,108,10,0]]"
344,5,167,6847,Chiến thắng ải 6847,Túi chọn đạo cụ nâng cấp x10,"[[100,108,10,0]]"
345,5,168,6888,Chiến thắng ải 6888,Túi chọn đạo cụ nâng cấp x10,"[[100,108,10,0]]"
346,5,169,6929,Chiến thắng ải 6929,Túi chọn đạo cụ nâng cấp x10,"[[100,108,10,0]]"
347,5,170,6970,Chiến thắng ải 6970,Túi chọn đạo cụ nâng cấp x10,"[[100,108,10,0]]"
348,5,171,7011,Chiến thắng ải 7011,Túi chọn đạo cụ nâng cấp x10,"[[100,108,10,0]]"
349,5,172,7052,Chiến thắng ải 7052,Túi chọn đạo cụ nâng cấp x10,"[[100,108,10,0]]"
350,5,173,7093,Chiến thắng ải 7093,Túi chọn đạo cụ nâng cấp x10,"[[100,108,10,0]]"
351,5,174,7134,Chiến thắng ải 7134,Túi chọn đạo cụ nâng cấp x10,"[[100,108,10,0]]"
352,5,175,7175,Chiến thắng ải 7175,Túi chọn đạo cụ nâng cấp x10,"[[100,108,10,0]]"
353,5,176,7216,Chiến thắng ải 7216,Túi chọn đạo cụ nâng cấp x10,"[[100,108,10,0]]"
354,5,177,7257,Chiến thắng ải 7257,Túi chọn đạo cụ nâng cấp x10,"[[100,108,10,0]]"
355,5,178,7298,Chiến thắng ải 7298,Túi chọn đạo cụ nâng cấp x10,"[[100,108,10,0]]"
356,5,179,7339,Chiến thắng ải 7339,Túi chọn đạo cụ nâng cấp x10,"[[100,108,10,0]]"
357,5,180,7380,Chiến thắng ải 7380,Túi chọn đạo cụ nâng cấp x10,"[[100,108,10,0]]"
358,5,181,7421,Chiến thắng ải 7421,Túi chọn đạo cụ nâng cấp x12,"[[100,108,12,0]]"
359,5,182,7462,Chiến thắng ải 7462,Túi chọn đạo cụ nâng cấp x12,"[[100,108,12,0]]"
360,5,183,7503,Chiến thắng ải 7503,Túi chọn đạo cụ nâng cấp x12,"[[100,108,12,0]]"
361,5,184,7544,Chiến thắng ải 7544,Túi chọn đạo cụ nâng cấp x12,"[[100,108,12,0]]"
362,5,185,7585,Chiến thắng ải 7585,Túi chọn đạo cụ nâng cấp x12,"[[100,108,12,0]]"
363,5,186,7626,Chiến thắng ải 7626,Túi chọn đạo cụ nâng cấp x12,"[[100,108,12,0]]"
364,5,187,7667,Chiến thắng ải 7667,Túi chọn đạo cụ nâng cấp x12,"[[100,108,12,0]]"
365,5,188,7708,Chiến thắng ải 7708,Túi chọn đạo cụ nâng cấp x12,"[[100,108,12,0]]"
366,5,189,7749,Chiến thắng ải 7749,Túi chọn đạo cụ nâng cấp x12,"[[100,108,12,0]]"
367,5,190,7790,Chiến thắng ải 7790,Túi chọn đạo cụ nâng cấp x12,"[[100,108,12,0]]"
368,5,191,7831,Chiến thắng ải 7831,Túi chọn đạo cụ nâng cấp x12,"[[100,108,12,0]]"
369,5,192,7872,Chiến thắng ải 7872,Túi chọn đạo cụ nâng cấp x12,"[[100,108,12,0]]"
370,5,193,7913,Chiến thắng ải 7913,Túi chọn đạo cụ nâng cấp x12,"[[100,108,12,0]]"
371,5,194,7954,Chiến thắng ải 7954,Túi chọn đạo cụ nâng cấp x12,"[[100,108,12,0]]"
372,5,195,7995,Chiến thắng ải 7995,Túi chọn đạo cụ nâng cấp x12,"[[100,108,12,0]]"
373,5,196,8036,Chiến thắng ải 8036,Túi chọn đạo cụ nâng cấp x12,"[[100,108,12,0]]"
374,5,197,8077,Chiến thắng ải 8077,Túi chọn đạo cụ nâng cấp x12,"[[100,108,12,0]]"
375,5,198,8118,Chiến thắng ải 8118,Túi chọn đạo cụ nâng cấp x12,"[[100,108,12,0]]"
376,5,199,8159,Chiến thắng ải 8159,Túi chọn đạo cụ nâng cấp x12,"[[100,108,12,0]]"
377,5,200,8200,Chiến thắng ải 8200,Túi chọn đạo cụ nâng cấp x12,"[[100,108,12,0]]"
378,5,201,8241,Chiến thắng ải 8241,Túi chọn đạo cụ nâng cấp x14,"[[100,108,14,0]]"
379,5,202,8282,Chiến thắng ải 8282,Túi chọn đạo cụ nâng cấp x14,"[[100,108,14,0]]"
380,5,203,8323,Chiến thắng ải 8323,Túi chọn đạo cụ nâng cấp x14,"[[100,108,14,0]]"
381,5,204,8364,Chiến thắng ải 8364,Túi chọn đạo cụ nâng cấp x14,"[[100,108,14,0]]"
382,5,205,8405,Chiến thắng ải 8405,Túi chọn đạo cụ nâng cấp x14,"[[100,108,14,0]]"
383,5,206,8446,Chiến thắng ải 8446,Túi chọn đạo cụ nâng cấp x14,"[[100,108,14,0]]"
384,5,207,8487,Chiến thắng ải 8487,Túi chọn đạo cụ nâng cấp x14,"[[100,108,14,0]]"
385,5,208,8528,Chiến thắng ải 8528,Túi chọn đạo cụ nâng cấp x14,"[[100,108,14,0]]"
386,5,209,8569,Chiến thắng ải 8569,Túi chọn đạo cụ nâng cấp x14,"[[100,108,14,0]]"
387,5,210,8610,Chiến thắng ải 8610,Túi chọn đạo cụ nâng cấp x14,"[[100,108,14,0]]"
388,5,211,8651,Chiến thắng ải 8651,Túi chọn đạo cụ nâng cấp x14,"[[100,108,14,0]]"
389,5,212,8692,Chiến thắng ải 8692,Túi chọn đạo cụ nâng cấp x14,"[[100,108,14,0]]"
390,5,213,8733,Chiến thắng ải 8733,Túi chọn đạo cụ nâng cấp x14,"[[100,108,14,0]]"
391,5,214,8774,Chiến thắng ải 8774,Túi chọn đạo cụ nâng cấp x14,"[[100,108,14,0]]"
392,5,215,8815,Chiến thắng ải 8815,Túi chọn đạo cụ nâng cấp x14,"[[100,108,14,0]]"
393,5,216,8856,Chiến thắng ải 8856,Túi chọn đạo cụ nâng cấp x14,"[[100,108,14,0]]"
394,5,217,8897,Chiến thắng ải 8897,Túi chọn đạo cụ nâng cấp x14,"[[100,108,14,0]]"
395,5,218,8938,Chiến thắng ải 8938,Túi chọn đạo cụ nâng cấp x14,"[[100,108,14,0]]"
396,5,219,8979,Chiến thắng ải 8979,Túi chọn đạo cụ nâng cấp x14,"[[100,108,14,0]]"
397,5,220,9020,Chiến thắng ải 9020,Túi chọn đạo cụ nâng cấp x14,"[[100,108,14,0]]"
398,5,221,9061,Chiến thắng ải 9061,Túi chọn đạo cụ nâng cấp x16,"[[100,108,16,0]]"
399,5,222,9102,Chiến thắng ải 9102,Túi chọn đạo cụ nâng cấp x16,"[[100,108,16,0]]"
400,5,223,9143,Chiến thắng ải 9143,Túi chọn đạo cụ nâng cấp x16,"[[100,108,16,0]]"
401,5,224,9184,Chiến thắng ải 9184,Túi chọn đạo cụ nâng cấp x16,"[[100,108,16,0]]"
402,5,225,9225,Chiến thắng ải 9225,Túi chọn đạo cụ nâng cấp x16,"[[100,108,16,0]]"
403,5,226,9266,Chiến thắng ải 9266,Túi chọn đạo cụ nâng cấp x16,"[[100,108,16,0]]"
404,5,227,9307,Chiến thắng ải 9307,Túi chọn đạo cụ nâng cấp x16,"[[100,108,16,0]]"
405,5,228,9348,Chiến thắng ải 9348,Túi chọn đạo cụ nâng cấp x16,"[[100,108,16,0]]"
406,5,229,9389,Chiến thắng ải 9389,Túi chọn đạo cụ nâng cấp x16,"[[100,108,16,0]]"
407,5,230,9430,Chiến thắng ải 9430,Túi chọn đạo cụ nâng cấp x16,"[[100,108,16,0]]"
408,5,231,9471,Chiến thắng ải 9471,Túi chọn đạo cụ nâng cấp x16,"[[100,108,16,0]]"
409,5,232,9512,Chiến thắng ải 9512,Túi chọn đạo cụ nâng cấp x16,"[[100,108,16,0]]"
410,5,233,9553,Chiến thắng ải 9553,Túi chọn đạo cụ nâng cấp x16,"[[100,108,16,0]]"
411,5,234,9594,Chiến thắng ải 9594,Túi chọn đạo cụ nâng cấp x16,"[[100,108,16,0]]"
412,5,235,9635,Chiến thắng ải 9635,Túi chọn đạo cụ nâng cấp x16,"[[100,108,16,0]]"
413,5,236,9676,Chiến thắng ải 9676,Túi chọn đạo cụ nâng cấp x16,"[[100,108,16,0]]"
414,5,237,9717,Chiến thắng ải 9717,Túi chọn đạo cụ nâng cấp x16,"[[100,108,16,0]]"
415,5,238,9758,Chiến thắng ải 9758,Túi chọn đạo cụ nâng cấp x16,"[[100,108,16,0]]"
416,5,239,9799,Chiến thắng ải 9799,Túi chọn đạo cụ nâng cấp x16,"[[100,108,16,0]]"
417,5,240,9840,Chiến thắng ải 9840,Túi chọn đạo cụ nâng cấp x16,"[[100,108,16,0]]"
418,5,241,9881,Chiến thắng ải 9881,Túi chọn đạo cụ nâng cấp x18,"[[100,108,18,0]]"
419,5,242,9922,Chiến thắng ải 9922,Túi chọn đạo cụ nâng cấp x18,"[[100,108,18,0]]"
420,5,243,9963,Chiến thắng ải 9963,Túi chọn đạo cụ nâng cấp x18,"[[100,108,18,0]]"
421,5,244,10004,Chiến thắng ải 10004,Túi chọn đạo cụ nâng cấp x18,"[[100,108,18,0]]"
422,5,245,10045,Chiến thắng ải 10045,Túi chọn đạo cụ nâng cấp x18,"[[100,108,18,0]]"
423,5,246,10086,Chiến thắng ải 10086,Túi chọn đạo cụ nâng cấp x18,"[[100,108,18,0]]"
424,5,247,10127,Chiến thắng ải 10127,Túi chọn đạo cụ nâng cấp x18,"[[100,108,18,0]]"
425,5,248,10168,Chiến thắng ải 10168,Túi chọn đạo cụ nâng cấp x18,"[[100,108,18,0]]"
426,5,249,10209,Chiến thắng ải 10209,Túi chọn đạo cụ nâng cấp x18,"[[100,108,18,0]]"
427,5,250,10250,Chiến thắng ải 10250,Túi chọn đạo cụ nâng cấp x18,"[[100,108,18,0]]"
428,5,251,10291,Chiến thắng ải 10291,Túi chọn đạo cụ nâng cấp x18,"[[100,108,18,0]]"
429,5,252,10332,Chiến thắng ải 10332,Túi chọn đạo cụ nâng cấp x18,"[[100,108,18,0]]"
430,5,253,10373,Chiến thắng ải 10373,Túi chọn đạo cụ nâng cấp x18,"[[100,108,18,0]]"
431,5,254,10414,Chiến thắng ải 10414,Túi chọn đạo cụ nâng cấp x18,"[[100,108,18,0]]"
432,5,255,10455,Chiến thắng ải 10455,Túi chọn đạo cụ nâng cấp x18,"[[100,108,18,0]]"
433,5,256,10496,Chiến thắng ải 10496,Túi chọn đạo cụ nâng cấp x18,"[[100,108,18,0]]"
434,5,257,10537,Chiến thắng ải 10537,Túi chọn đạo cụ nâng cấp x18,"[[100,108,18,0]]"
435,5,258,10578,Chiến thắng ải 10578,Túi chọn đạo cụ nâng cấp x18,"[[100,108,18,0]]"
436,5,259,10619,Chiến thắng ải 10619,Túi chọn đạo cụ nâng cấp x18,"[[100,108,18,0]]"
437,5,260,10660,Chiến thắng ải 10660,Túi chọn đạo cụ nâng cấp x18,"[[100,108,18,0]]"
438,6,1,3,Số lần sáng tác 3,Cát xê 9000,"[[1,1,9000,0]]"
439,6,2,6,Số lần sáng tác 6,Cát xê 18k,"[[1,1,18000,0]]"
440,6,3,10,Số lần sáng tác 10,Cát xê 30k,"[[1,1,30000,0]]"
441,6,4,20,Số lần sáng tác 20,Cát xê 60k,"[[1,1,60000,0]]"
442,6,5,40,Số lần sáng tác 40,Cát xê 120k,"[[1,1,120000,0]]"
443,6,6,70,Số lần sáng tác 70,Cát xê 210k,"[[1,1,210000,0]]"
444,6,7,100,Số lần sáng tác 100,Cát xê 300k,"[[1,1,300000,0]]"
445,6,8,140,Số lần sáng tác 140,Cát xê 420k,"[[1,1,420000,0]]"
446,6,9,180,Số lần sáng tác 180,Cát xê 540k,"[[1,1,540000,0]]"
447,6,10,230,Số lần sáng tác 230,Cát xê 690k,"[[1,1,690000,0]]"
448,6,11,280,Số lần sáng tác 280,Cát xê 840k,"[[1,1,840000,0]]"
449,6,12,340,Số lần sáng tác 340,"Cát xê 1,02m","[[1,1,1020000,0]]"
450,6,13,400,Số lần sáng tác 400,"Cát xê 1,2m","[[1,1,1200000,0]]"
451,6,14,480,Số lần sáng tác 480,"Cát xê 1,44m","[[1,1,1440000,0]]"
452,6,15,560,Số lần sáng tác 560,"Cát xê 1,68m","[[1,1,1680000,0]]"
453,6,16,660,Số lần sáng tác 660,"Cát xê 1,98m","[[1,1,1980000,0]]"
454,6,17,760,Số lần sáng tác 760,"Cát xê 2,28m","[[1,1,2280000,0]]"
455,6,18,880,Số lần sáng tác 880,"Cát xê 2,64m","[[1,1,2640000,0]]"
456,6,19,1000,Số lần sáng tác 1000,Cát xê 3m,"[[1,1,3000000,0]]"
457,6,20,1150,Số lần sáng tác 1150,"Cát xê 3,45m","[[1,1,3450000,0]]"
458,6,21,1300,Số lần sáng tác 1300,"Cát xê 3,9m","[[1,1,3900000,0]]"
459,6,22,1500,Số lần sáng tác 1500,"Cát xê 4,5m","[[1,1,4500000,0]]"
460,6,23,1700,Số lần sáng tác 1700,"Cát xê 5,1m","[[1,1,5100000,0]]"
461,6,24,1950,Số lần sáng tác 1950,"Cát xê 5,85m","[[1,1,5850000,0]]"
462,6,25,2200,Số lần sáng tác 2200,"Cát xê 6,6m","[[1,1,6600000,0]]"
463,6,26,2500,Số lần sáng tác 2500,"Cát xê 7,5m","[[1,1,7500000,0]]"
464,6,27,2800,Số lần sáng tác 2800,"Cát xê 8,4m","[[1,1,8400000,0]]"
465,6,28,3150,Số lần sáng tác 3150,"Cát xê 9,45m","[[1,1,9450000,0]]"
466,6,29,3500,Số lần sáng tác 3500,"Cát xê 10,5m","[[1,1,10500000,0]]"
467,6,30,3900,Số lần sáng tác 3900,"Cát xê 11,7m","[[1,1,11700000,0]]"
468,6,31,4300,Số lần sáng tác 4300,"Cát xê 12,9m","[[1,1,12900000,0]]"
469,6,32,4750,Số lần sáng tác 4750,"Cát xê 14,25m","[[1,1,14250000,0]]"
470,6,33,5200,Số lần sáng tác 5200,"Cát xê 15,6m","[[1,1,15600000,0]]"
471,6,34,5700,Số lần sáng tác 5700,"Cát xê 17,1m","[[1,1,17100000,0]]"
472,6,35,6200,Số lần sáng tác 6200,"Cát xê 18,6m","[[1,1,18600000,0]]"
473,6,36,6750,Số lần sáng tác 6750,"Cát xê 20,25m","[[1,1,20250000,0]]"
474,6,37,7300,Số lần sáng tác 7300,"Cát xê 21,9m","[[1,1,21900000,0]]"
475,6,38,7900,Số lần sáng tác 7900,"Cát xê 23,7m","[[1,1,23700000,0]]"
476,6,39,8500,Số lần sáng tác 8500,"Cát xê 25,5m","[[1,1,25500000,0]]"
477,6,40,9200,Số lần sáng tác 9200,"Cát xê 27,6m","[[1,1,27600000,0]]"
478,7,1,3,Số lần cày view 3,Cát xê 9000,"[[1,1,9000,0]]"
479,7,2,6,Số lần cày view 6,Cát xê 18k,"[[1,1,18000,0]]"
480,7,3,10,Số lần cày view 10,Cát xê 30k,"[[1,1,30000,0]]"
481,7,4,20,Số lần cày view 20,Cát xê 60k,"[[1,1,60000,0]]"
482,7,5,40,Số lần cày view 40,Cát xê 120k,"[[1,1,120000,0]]"
483,7,6,70,Số lần cày view 70,Cát xê 210k,"[[1,1,210000,0]]"
484,7,7,100,Số lần cày view 100,Cát xê 300k,"[[1,1,300000,0]]"
485,7,8,140,Số lần cày view 140,Cát xê 420k,"[[1,1,420000,0]]"
486,7,9,180,Số lần cày view 180,Cát xê 540k,"[[1,1,540000,0]]"
487,7,10,230,Số lần cày view 230,Cát xê 690k,"[[1,1,690000,0]]"
488,7,11,280,Số lần cày view 280,Cát xê 840k,"[[1,1,840000,0]]"
489,7,12,340,Số lần cày view 340,"Cát xê 1,02m","[[1,1,1020000,0]]"
490,7,13,400,Số lần cày view 400,"Cát xê 1,2m","[[1,1,1200000,0]]"
491,7,14,480,Số lần cày view 480,"Cát xê 1,44m","[[1,1,1440000,0]]"
492,7,15,560,Số lần cày view 560,"Cát xê 1,68m","[[1,1,1680000,0]]"
493,7,16,660,Số lần cày view 660,"Cát xê 1,98m","[[1,1,1980000,0]]"
494,7,17,760,Số lần cày view 760,"Cát xê 2,28m","[[1,1,2280000,0]]"
495,7,18,880,Số lần cày view 880,"Cát xê 2,64m","[[1,1,2640000,0]]"
496,7,19,1000,Số lần cày view 1000,Cát xê 3m,"[[1,1,3000000,0]]"
497,7,20,1150,Số lần cày view 1150,"Cát xê 3,45m","[[1,1,3450000,0]]"
498,7,21,1300,Số lần cày view 1300,"Cát xê 3,9m","[[1,1,3900000,0]]"
499,7,22,1500,Số lần cày view 1500,"Cát xê 4,5m","[[1,1,4500000,0]]"
500,7,23,1700,Số lần cày view 1700,"Cát xê 5,1m","[[1,1,5100000,0]]"
501,7,24,1950,Số lần cày view 1950,"Cát xê 5,85m","[[1,1,5850000,0]]"
502,7,25,2200,Số lần cày view 2200,"Cát xê 6,6m","[[1,1,6600000,0]]"
503,7,26,2500,Số lần cày view 2500,"Cát xê 7,5m","[[1,1,7500000,0]]"
504,7,27,2800,Số lần cày view 2800,"Cát xê 8,4m","[[1,1,8400000,0]]"
505,7,28,3150,Số lần cày view 3150,"Cát xê 9,45m","[[1,1,9450000,0]]"
506,7,29,3500,Số lần cày view 3500,"Cát xê 10,5m","[[1,1,10500000,0]]"
507,7,30,3900,Số lần cày view 3900,"Cát xê 11,7m","[[1,1,11700000,0]]"
508,7,31,4300,Số lần cày view 4300,"Cát xê 12,9m","[[1,1,12900000,0]]"
509,7,32,4750,Số lần cày view 4750,"Cát xê 14,25m","[[1,1,14250000,0]]"
510,7,33,5200,Số lần cày view 5200,"Cát xê 15,6m","[[1,1,15600000,0]]"
511,7,34,5700,Số lần cày view 5700,"Cát xê 17,1m","[[1,1,17100000,0]]"
512,7,35,6200,Số lần cày view 6200,"Cát xê 18,6m","[[1,1,18600000,0]]"
513,7,36,6750,Số lần cày view 6750,"Cát xê 20,25m","[[1,1,20250000,0]]"
514,7,37,7300,Số lần cày view 7300,"Cát xê 21,9m","[[1,1,21900000,0]]"
515,7,38,7900,Số lần cày view 7900,"Cát xê 23,7m","[[1,1,23700000,0]]"
516,7,39,8500,Số lần cày view 8500,"Cát xê 25,5m","[[1,1,25500000,0]]"
517,7,40,9200,Số lần cày view 9200,"Cát xê 27,6m","[[1,1,27600000,0]]"
518,8,1,3,Số lần fan meeting 3,Fans 9000,"[[1,3,9000,0]]"
519,8,2,6,Số lần fan meeting 6,Fans 18k,"[[1,3,18000,0]]"
520,8,3,10,Số lần fan meeting 10,Fans 30k,"[[1,3,30000,0]]"
521,8,4,20,Số lần fan meeting 20,Fans 60k,"[[1,3,60000,0]]"
522,8,5,40,Số lần fan meeting 40,Fans 120k,"[[1,3,120000,0]]"
523,8,6,70,Số lần fan meeting 70,Fans 210k,"[[1,3,210000,0]]"
524,8,7,100,Số lần fan meeting 100,Fans 300k,"[[1,3,300000,0]]"
525,8,8,140,Số lần fan meeting 140,Fans 420k,"[[1,3,420000,0]]"
526,8,9,180,Số lần fan meeting 180,Fans 540k,"[[1,3,540000,0]]"
527,8,10,230,Số lần fan meeting 230,Fans 690k,"[[1,3,690000,0]]"
528,8,11,280,Số lần fan meeting 280,Fans 840k,"[[1,3,840000,0]]"
529,8,12,340,Số lần fan meeting 340,"Fans 1,02m","[[1,3,1020000,0]]"
530,8,13,400,Số lần fan meeting 400,"Fans 1,2m","[[1,3,1200000,0]]"
531,8,14,480,Số lần fan meeting 480,"Fans 1,44m","[[1,3,1440000,0]]"
532,8,15,560,Số lần fan meeting 560,"Fans 1,68m","[[1,3,1680000,0]]"
533,8,16,660,Số lần fan meeting 660,"Fans 1,98m","[[1,3,1980000,0]]"
534,8,17,760,Số lần fan meeting 760,"Fans 2,28m","[[1,3,2280000,0]]"
535,8,18,880,Số lần fan meeting 880,"Fans 2,64m","[[1,3,2640000,0]]"
536,8,19,1000,Số lần fan meeting 1000,Fans 3m,"[[1,3,3000000,0]]"
537,8,20,1150,Số lần fan meeting 1150,"Fans 3,45m","[[1,3,3450000,0]]"
538,8,21,1300,Số lần fan meeting 1300,"Fans 3,9m","[[1,3,3900000,0]]"
539,8,22,1500,Số lần fan meeting 1500,"Fans 4,5m","[[1,3,4500000,0]]"
540,8,23,1700,Số lần fan meeting 1700,"Fans 5,1m","[[1,3,5100000,0]]"
541,8,24,1950,Số lần fan meeting 1950,"Fans 5,85m","[[1,3,5850000,0]]"
542,8,25,2200,Số lần fan meeting 2200,"Fans 6,6m","[[1,3,6600000,0]]"
543,8,26,2500,Số lần fan meeting 2500,"Fans 7,5m","[[1,3,7500000,0]]"
544,8,27,2800,Số lần fan meeting 2800,"Fans 8,4m","[[1,3,8400000,0]]"
545,8,28,3150,Số lần fan meeting 3150,"Fans 9,45m","[[1,3,9450000,0]]"
546,8,29,3500,Số lần fan meeting 3500,"Fans 10,5m","[[1,3,10500000,0]]"
547,8,30,3900,Số lần fan meeting 3900,"Fans 11,7m","[[1,3,11700000,0]]"
548,8,31,4300,Số lần fan meeting 4300,"Fans 12,9m","[[1,3,12900000,0]]"
549,8,32,4750,Số lần fan meeting 4750,"Fans 14,25m","[[1,3,14250000,0]]"
550,8,33,5200,Số lần fan meeting 5200,"Fans 15,6m","[[1,3,15600000,0]]"
551,8,34,5700,Số lần fan meeting 5700,"Fans 17,1m","[[1,3,17100000,0]]"
552,8,35,6200,Số lần fan meeting 6200,"Fans 18,6m","[[1,3,18600000,0]]"
553,8,36,6750,Số lần fan meeting 6750,"Fans 20,25m","[[1,3,20250000,0]]"
554,8,37,7300,Số lần fan meeting 7300,"Fans 21,9m","[[1,3,21900000,0]]"
555,8,38,7900,Số lần fan meeting 7900,"Fans 23,7m","[[1,3,23700000,0]]"
556,8,39,8500,Số lần fan meeting 8500,"Fans 25,5m","[[1,3,25500000,0]]"
557,8,40,9200,Số lần fan meeting 9200,"Fans 27,6m","[[1,3,27600000,0]]"
558,9,1,3,Số lần truyền thông 3,Fans 36k,"[[1,3,36000,0]]"
559,9,2,6,Số lần truyền thông 6,"Fans 70,2k","[[1,3,70200,0]]"
560,9,3,10,Số lần truyền thông 10,Fans 114k,"[[1,3,114000,0]]"
561,9,4,20,Số lần truyền thông 20,Fans 222k,"[[1,3,222000,0]]"
562,9,5,40,Số lần truyền thông 40,Fans 432k,"[[1,3,432000,0]]"
563,9,6,70,Số lần truyền thông 70,Fans 735k,"[[1,3,735000,0]]"
564,9,7,100,Số lần truyền thông 100,Fans 1m02m,"[[1,3,1020000,0]]"
565,9,8,140,Số lần truyền thông 140,"Fans 1,386m","[[1,3,1386000,0]]"
566,9,9,180,Số lần truyền thông 180,"Fans 1,728m","[[1,3,1728000,0]]"
567,9,10,230,Số lần truyền thông 230,"Fans 2,139m","[[1,3,2139000,0]]"
568,9,11,280,Số lần truyền thông 280,"Fans 2,52m","[[1,3,2520000,0]]"
569,9,12,340,Số lần truyền thông 340,"Fans 2,958m","[[1,3,2958000,0]]"
570,9,13,400,Số lần truyền thông 400,"Fans 3,36m","[[1,3,3360000,0]]"
571,9,14,480,Số lần truyền thông 480,"Fans 3,888m","[[1,3,3888000,0]]"
572,9,15,560,Số lần truyền thông 560,"Fans 4,368m","[[1,3,4368000,0]]"
573,9,16,660,Số lần truyền thông 660,"Fans 4,95m","[[1,3,4950000,0]]"
574,9,17,760,Số lần truyền thông 760,"Fans 5,472m","[[1,3,5472000,0]]"
575,9,18,880,Số lần truyền thông 880,"Fans 6,072m","[[1,3,6072000,0]]"
576,9,19,1000,Số lần truyền thông 1000,"Fans 6,6m","[[1,3,6600000,0]]"
577,9,20,1150,Số lần truyền thông 1150,"Fans 7,245m","[[1,3,7245000,0]]"
578,9,21,1300,Số lần truyền thông 1300,"Fans 7,8m","[[1,3,7800000,0]]"
579,9,22,1500,Số lần truyền thông 1500,"Fans 8,55m","[[1,3,8550000,0]]"
580,9,23,1700,Số lần truyền thông 1700,"Fans 9,18m","[[1,3,9180000,0]]"
581,9,24,1950,Số lần truyền thông 1950,"Fans 9,945m","[[1,3,9945000,0]]"
582,9,25,2200,Số lần truyền thông 2200,"Fans 10,56m","[[1,3,10560000,0]]"
583,9,26,2500,Số lần truyền thông 2500,"Fans 11,25m","[[1,3,11250000,0]]"
584,9,27,2800,Số lần truyền thông 2800,"Fans 12,6m","[[1,3,12600000,0]]"
585,9,28,3150,Số lần truyền thông 3150,"Fans 14,175m","[[1,3,14175000,0]]"
586,9,29,3500,Số lần truyền thông 3500,"Fans 15,75m","[[1,3,15750000,0]]"
587,9,30,3900,Số lần truyền thông 3900,"Fans 17,55m","[[1,3,17550000,0]]"
588,9,31,4300,Số lần truyền thông 4300,"Fans 19,35m","[[1,3,19350000,0]]"
589,9,32,4750,Số lần truyền thông 4750,"Fans 21,375m","[[1,3,21375000,0]]"
590,9,33,5200,Số lần truyền thông 5200,"Fans 23,4m","[[1,3,23400000,0]]"
591,9,34,5700,Số lần truyền thông 5700,"Fans 25,65m","[[1,3,25650000,0]]"
592,9,35,6200,Số lần truyền thông 6200,"Fans 27,9m","[[1,3,27900000,0]]"
593,9,36,6750,Số lần truyền thông 6750,"Fans 30,375m","[[1,3,30375000,0]]"
594,9,37,7300,Số lần truyền thông 7300,"Fans 32,85m","[[1,3,32850000,0]]"
595,9,38,7900,Số lần truyền thông 7900,"Fans 35,55m","[[1,3,35550000,0]]"
596,9,39,8500,Số lần truyền thông 8500,"Fans 38,25m","[[1,3,38250000,0]]"
597,9,40,9200,Số lần truyền thông 9200,"Fans 41,4m","[[1,3,41400000,0]]"
598,10,1,3,Lần chạy show thành công 3,Cỏ may mắn x1,"[[100,64,1,0]]"
599,10,2,6,Lần chạy show thành công 6,Cỏ may mắn x1,"[[100,64,1,0]]"
600,10,3,9,Lần chạy show thành công 9,Cỏ may mắn x1,"[[100,64,1,0]]"
601,10,4,12,Lần chạy show thành công 12,Cỏ may mắn x1,"[[100,64,1,0]]"
602,10,5,15,Lần chạy show thành công 15,Cỏ may mắn x1,"[[100,64,1,0]]"
603,10,6,18,Lần chạy show thành công 18,Cỏ may mắn x1,"[[100,64,1,0]]"
604,10,7,21,Lần chạy show thành công 21,Cỏ may mắn x1,"[[100,64,1,0]]"
605,10,8,24,Lần chạy show thành công 24,Cỏ may mắn x1,"[[100,64,1,0]]"
606,10,9,27,Lần chạy show thành công 27,Cỏ may mắn x1,"[[100,64,1,0]]"
607,10,10,30,Lần chạy show thành công 30,Cỏ may mắn x1,"[[100,64,1,0]]"
608,10,11,35,Lần chạy show thành công 35,Cỏ may mắn x2,"[[100,64,2,0]]"
609,10,12,40,Lần chạy show thành công 40,Cỏ may mắn x2,"[[100,64,2,0]]"
610,10,13,45,Lần chạy show thành công 45,Cỏ may mắn x2,"[[100,64,2,0]]"
611,10,14,50,Lần chạy show thành công 50,Cỏ may mắn x2,"[[100,64,2,0]]"
612,10,15,55,Lần chạy show thành công 55,Cỏ may mắn x2,"[[100,64,2,0]]"
613,10,16,60,Lần chạy show thành công 60,Cỏ may mắn x2,"[[100,64,2,0]]"
614,10,17,65,Lần chạy show thành công 65,Cỏ may mắn x2,"[[100,64,2,0]]"
615,10,18,70,Lần chạy show thành công 70,Cỏ may mắn x2,"[[100,64,2,0]]"
616,10,19,75,Lần chạy show thành công 75,Cỏ may mắn x2,"[[100,64,2,0]]"
617,10,20,80,Lần chạy show thành công 80,Cỏ may mắn x2,"[[100,64,2,0]]"
618,10,21,100,Lần chạy show thành công 100,Cỏ may mắn x3,"[[100,64,3,0]]"
619,10,22,120,Lần chạy show thành công 120,Cỏ may mắn x3,"[[100,64,3,0]]"
620,10,23,140,Lần chạy show thành công 140,Cỏ may mắn x3,"[[100,64,3,0]]"
621,10,24,160,Lần chạy show thành công 160,Cỏ may mắn x3,"[[100,64,3,0]]"
622,10,25,180,Lần chạy show thành công 180,Cỏ may mắn x3,"[[100,64,3,0]]"
623,10,26,200,Lần chạy show thành công 200,Cỏ may mắn x3,"[[100,64,3,0]]"
624,10,27,220,Lần chạy show thành công 220,Cỏ may mắn x3,"[[100,64,3,0]]"
625,10,28,240,Lần chạy show thành công 240,Cỏ may mắn x3,"[[100,64,3,0]]"
626,10,29,260,Lần chạy show thành công 260,Cỏ may mắn x3,"[[100,64,3,0]]"
627,10,30,280,Lần chạy show thành công 280,Cỏ may mắn x3,"[[100,64,3,0]]"
628,10,31,320,Lần chạy show thành công 320,Cỏ may mắn x4,"[[100,64,4,0]]"
629,10,32,360,Lần chạy show thành công 360,Cỏ may mắn x4,"[[100,64,4,0]]"
630,10,33,400,Lần chạy show thành công 400,Cỏ may mắn x4,"[[100,64,4,0]]"
631,10,34,440,Lần chạy show thành công 440,Cỏ may mắn x4,"[[100,64,4,0]]"
632,10,35,480,Lần chạy show thành công 480,Cỏ may mắn x4,"[[100,64,4,0]]"
633,10,36,520,Lần chạy show thành công 520,Cỏ may mắn x4,"[[100,64,4,0]]"
634,10,37,560,Lần chạy show thành công 560,Cỏ may mắn x4,"[[100,64,4,0]]"
635,10,38,600,Lần chạy show thành công 600,Cỏ may mắn x4,"[[100,64,4,0]]"
636,10,39,640,Lần chạy show thành công 640,Cỏ may mắn x4,"[[100,64,4,0]]"
637,10,40,680,Lần chạy show thành công 680,Cỏ may mắn x4,"[[100,64,4,0]]"
638,10,41,740,Lần chạy show thành công 740,Cỏ may mắn x5,"[[100,64,5,0]]"
639,10,42,800,Lần chạy show thành công 800,Cỏ may mắn x5,"[[100,64,5,0]]"
640,10,43,860,Lần chạy show thành công 860,Cỏ may mắn x5,"[[100,64,5,0]]"
641,10,44,920,Lần chạy show thành công 920,Cỏ may mắn x5,"[[100,64,5,0]]"
642,10,45,980,Lần chạy show thành công 980,Cỏ may mắn x5,"[[100,64,5,0]]"
643,10,46,1040,Lần chạy show thành công 1040,Cỏ may mắn x5,"[[100,64,5,0]]"
644,10,47,1100,Lần chạy show thành công 1100,Cỏ may mắn x5,"[[100,64,5,0]]"
645,10,48,1160,Lần chạy show thành công 1160,Cỏ may mắn x5,"[[100,64,5,0]]"
646,10,49,1220,Lần chạy show thành công 1220,Cỏ may mắn x5,"[[100,64,5,0]]"
647,10,50,1280,Lần chạy show thành công 1280,Cỏ may mắn x5,"[[100,64,5,0]]"
648,10,51,1360,Lần chạy show thành công 1360,Cỏ may mắn x6,"[[100,64,6,0]]"
649,10,52,1440,Lần chạy show thành công 1440,Cỏ may mắn x6,"[[100,64,6,0]]"
650,10,53,1520,Lần chạy show thành công 1520,Cỏ may mắn x6,"[[100,64,6,0]]"
651,10,54,1600,Lần chạy show thành công 1600,Cỏ may mắn x6,"[[100,64,6,0]]"
652,10,55,1680,Lần chạy show thành công 1680,Cỏ may mắn x6,"[[100,64,6,0]]"
653,10,56,1760,Lần chạy show thành công 1760,Cỏ may mắn x6,"[[100,64,6,0]]"
654,10,57,1840,Lần chạy show thành công 1840,Cỏ may mắn x6,"[[100,64,6,0]]"
655,10,58,1920,Lần chạy show thành công 1920,Cỏ may mắn x6,"[[100,64,6,0]]"
656,10,59,2000,Lần chạy show thành công 2000,Cỏ may mắn x6,"[[100,64,6,0]]"
657,10,60,2080,Lần chạy show thành công 2080,Cỏ may mắn x6,"[[100,64,6,0]]"
658,10,61,2180,Lần chạy show thành công 2180,Cỏ may mắn x7,"[[100,64,7,0]]"
659,10,62,2280,Lần chạy show thành công 2280,Cỏ may mắn x7,"[[100,64,7,0]]"
660,10,63,2380,Lần chạy show thành công 2380,Cỏ may mắn x7,"[[100,64,7,0]]"
661,10,64,2480,Lần chạy show thành công 2480,Cỏ may mắn x7,"[[100,64,7,0]]"
662,10,65,2580,Lần chạy show thành công 2580,Cỏ may mắn x7,"[[100,64,7,0]]"
663,10,66,2680,Lần chạy show thành công 2680,Cỏ may mắn x7,"[[100,64,7,0]]"
664,10,67,2780,Lần chạy show thành công 2780,Cỏ may mắn x7,"[[100,64,7,0]]"
665,10,68,2880,Lần chạy show thành công 2880,Cỏ may mắn x7,"[[100,64,7,0]]"
666,10,69,2980,Lần chạy show thành công 2980,Cỏ may mắn x7,"[[100,64,7,0]]"
667,10,70,3080,Lần chạy show thành công 3080,Cỏ may mắn x7,"[[100,64,7,0]]"
668,10,71,3190,Lần chạy show thành công 3190,Cỏ may mắn x8,"[[100,64,8,0]]"
669,10,72,3300,Lần chạy show thành công 3300,Cỏ may mắn x8,"[[100,64,8,0]]"
670,10,73,3410,Lần chạy show thành công 3410,Cỏ may mắn x8,"[[100,64,8,0]]"
671,10,74,3520,Lần chạy show thành công 3520,Cỏ may mắn x8,"[[100,64,8,0]]"
672,10,75,3630,Lần chạy show thành công 3630,Cỏ may mắn x8,"[[100,64,8,0]]"
673,10,76,3740,Lần chạy show thành công 3740,Cỏ may mắn x8,"[[100,64,8,0]]"
674,10,77,3850,Lần chạy show thành công 3850,Cỏ may mắn x8,"[[100,64,8,0]]"
675,10,78,3960,Lần chạy show thành công 3960,Cỏ may mắn x8,"[[100,64,8,0]]"
676,10,79,4070,Lần chạy show thành công 4070,Cỏ may mắn x8,"[[100,64,8,0]]"
677,10,80,4180,Lần chạy show thành công 4180,Cỏ may mắn x8,"[[100,64,8,0]]"
678,10,81,4300,Lần chạy show thành công 4300,Cỏ may mắn x9,"[[100,64,9,0]]"
679,10,82,4420,Lần chạy show thành công 4420,Cỏ may mắn x9,"[[100,64,9,0]]"
680,10,83,4540,Lần chạy show thành công 4540,Cỏ may mắn x9,"[[100,64,9,0]]"
681,10,84,4660,Lần chạy show thành công 4660,Cỏ may mắn x9,"[[100,64,9,0]]"
682,10,85,4780,Lần chạy show thành công 4780,Cỏ may mắn x9,"[[100,64,9,0]]"
683,10,86,4900,Lần chạy show thành công 4900,Cỏ may mắn x9,"[[100,64,9,0]]"
684,10,87,5020,Lần chạy show thành công 5020,Cỏ may mắn x9,"[[100,64,9,0]]"
685,10,88,5140,Lần chạy show thành công 5140,Cỏ may mắn x9,"[[100,64,9,0]]"
686,10,89,5260,Lần chạy show thành công 5260,Cỏ may mắn x9,"[[100,64,9,0]]"
687,10,90,5380,Lần chạy show thành công 5380,Cỏ may mắn x9,"[[100,64,9,0]]"
688,10,91,5510,Lần chạy show thành công 5510,Cỏ may mắn x10,"[[100,64,10,0]]"
689,10,92,5640,Lần chạy show thành công 5640,Cỏ may mắn x10,"[[100,64,10,0]]"
690,10,93,5770,Lần chạy show thành công 5770,Cỏ may mắn x10,"[[100,64,10,0]]"
691,10,94,5900,Lần chạy show thành công 5900,Cỏ may mắn x10,"[[100,64,10,0]]"
692,10,95,6030,Lần chạy show thành công 6030,Cỏ may mắn x10,"[[100,64,10,0]]"
693,10,96,6160,Lần chạy show thành công 6160,Cỏ may mắn x10,"[[100,64,10,0]]"
694,10,97,6290,Lần chạy show thành công 6290,Cỏ may mắn x10,"[[100,64,10,0]]"
695,10,98,6420,Lần chạy show thành công 6420,Cỏ may mắn x10,"[[100,64,10,0]]"
696,10,99,6550,Lần chạy show thành công 6550,Cỏ may mắn x10,"[[100,64,10,0]]"
697,10,100,6680,Lần chạy show thành công 6680,Cỏ may mắn x10,"[[100,64,10,0]]"
698,11,1,10,Lần shopping thành công 10,gói danh tiếng x2,"[[100,5,2,0]]"
699,11,2,20,Lần shopping thành công 20,gói danh tiếng x2,"[[100,5,2,0]]"
700,11,3,30,Lần shopping thành công 30,gói danh tiếng x2,"[[100,5,2,0]]"
701,11,4,45,Lần shopping thành công 45,gói danh tiếng x2,"[[100,5,2,0]]"
702,11,5,60,Lần shopping thành công 60,gói danh tiếng x2,"[[100,5,2,0]]"
703,11,6,80,Lần shopping thành công 80,gói danh tiếng x2,"[[100,5,2,0]]"
704,11,7,100,Lần shopping thành công 100,gói danh tiếng x2,"[[100,5,2,0]]"
705,11,8,120,Lần shopping thành công 120,gói danh tiếng x2,"[[100,5,2,0]]"
706,11,9,140,Lần shopping thành công 140,gói danh tiếng x2,"[[100,5,2,0]]"
707,11,10,160,Lần shopping thành công 160,gói danh tiếng x2,"[[100,5,2,0]]"
708,11,11,190,Lần shopping thành công 190,gói danh tiếng x3,"[[100,5,3,0]]"
709,11,12,220,Lần shopping thành công 220,gói danh tiếng x3,"[[100,5,3,0]]"
710,11,13,250,Lần shopping thành công 250,gói danh tiếng x3,"[[100,5,3,0]]"
711,11,14,280,Lần shopping thành công 280,gói danh tiếng x3,"[[100,5,3,0]]"
712,11,15,310,Lần shopping thành công 310,gói danh tiếng x3,"[[100,5,3,0]]"
713,11,16,340,Lần shopping thành công 340,gói danh tiếng x3,"[[100,5,3,0]]"
714,11,17,370,Lần shopping thành công 370,gói danh tiếng x3,"[[100,5,3,0]]"
715,11,18,400,Lần shopping thành công 400,gói danh tiếng x3,"[[100,5,3,0]]"
716,11,19,430,Lần shopping thành công 430,gói danh tiếng x3,"[[100,5,3,0]]"
717,11,20,460,Lần shopping thành công 460,gói danh tiếng x3,"[[100,5,3,0]]"
718,11,21,510,Lần shopping thành công 510,gói danh tiếng x4,"[[100,5,4,0]]"
719,11,22,560,Lần shopping thành công 560,gói danh tiếng x4,"[[100,5,4,0]]"
720,11,23,610,Lần shopping thành công 610,gói danh tiếng x4,"[[100,5,4,0]]"
721,11,24,660,Lần shopping thành công 660,gói danh tiếng x4,"[[100,5,4,0]]"
722,11,25,710,Lần shopping thành công 710,gói danh tiếng x4,"[[100,5,4,0]]"
723,11,26,760,Lần shopping thành công 760,gói danh tiếng x4,"[[100,5,4,0]]"
724,11,27,810,Lần shopping thành công 810,gói danh tiếng x4,"[[100,5,4,0]]"
725,11,28,860,Lần shopping thành công 860,gói danh tiếng x4,"[[100,5,4,0]]"
726,11,29,910,Lần shopping thành công 910,gói danh tiếng x4,"[[100,5,4,0]]"
727,11,30,960,Lần shopping thành công 960,gói danh tiếng x4,"[[100,5,4,0]]"
728,11,31,1010,Lần shopping thành công 1010,gói danh tiếng x5,"[[100,5,5,0]]"
729,11,32,1060,Lần shopping thành công 1060,gói danh tiếng x5,"[[100,5,5,0]]"
730,11,33,1110,Lần shopping thành công 1110,gói danh tiếng x5,"[[100,5,5,0]]"
731,11,34,1160,Lần shopping thành công 1160,gói danh tiếng x5,"[[100,5,5,0]]"
732,11,35,1210,Lần shopping thành công 1210,gói danh tiếng x5,"[[100,5,5,0]]"
733,11,36,1260,Lần shopping thành công 1260,gói danh tiếng x5,"[[100,5,5,0]]"
734,11,37,1310,Lần shopping thành công 1310,gói danh tiếng x5,"[[100,5,5,0]]"
735,11,38,1360,Lần shopping thành công 1360,gói danh tiếng x5,"[[100,5,5,0]]"
736,11,39,1410,Lần shopping thành công 1410,gói danh tiếng x5,"[[100,5,5,0]]"
737,11,40,1460,Lần shopping thành công 1460,gói danh tiếng x5,"[[100,5,5,0]]"
738,11,41,1560,Lần shopping thành công 1560,gói danh tiếng x6,"[[100,5,6,0]]"
739,11,42,1660,Lần shopping thành công 1660,gói danh tiếng x6,"[[100,5,6,0]]"
740,11,43,1760,Lần shopping thành công 1760,gói danh tiếng x6,"[[100,5,6,0]]"
741,11,44,1860,Lần shopping thành công 1860,gói danh tiếng x6,"[[100,5,6,0]]"
742,11,45,1960,Lần shopping thành công 1960,gói danh tiếng x6,"[[100,5,6,0]]"
743,11,46,2060,Lần shopping thành công 2060,gói danh tiếng x6,"[[100,5,6,0]]"
744,11,47,2160,Lần shopping thành công 2160,gói danh tiếng x6,"[[100,5,6,0]]"
745,11,48,2260,Lần shopping thành công 2260,gói danh tiếng x6,"[[100,5,6,0]]"
746,11,49,2360,Lần shopping thành công 2360,gói danh tiếng x6,"[[100,5,6,0]]"
747,11,50,2460,Lần shopping thành công 2460,gói danh tiếng x6,"[[100,5,6,0]]"
748,11,51,2560,Lần shopping thành công 2560,gói danh tiếng x8,"[[100,5,8,0]]"
749,11,52,2660,Lần shopping thành công 2660,gói danh tiếng x8,"[[100,5,8,0]]"
750,11,53,2760,Lần shopping thành công 2760,gói danh tiếng x8,"[[100,5,8,0]]"
751,11,54,2860,Lần shopping thành công 2860,gói danh tiếng x8,"[[100,5,8,0]]"
752,11,55,2960,Lần shopping thành công 2960,gói danh tiếng x8,"[[100,5,8,0]]"
753,11,56,3060,Lần shopping thành công 3060,gói danh tiếng x8,"[[100,5,8,0]]"
754,11,57,3160,Lần shopping thành công 3160,gói danh tiếng x8,"[[100,5,8,0]]"
755,11,58,3260,Lần shopping thành công 3260,gói danh tiếng x8,"[[100,5,8,0]]"
756,11,59,3360,Lần shopping thành công 3360,gói danh tiếng x8,"[[100,5,8,0]]"
757,11,60,3460,Lần shopping thành công 3460,gói danh tiếng x8,"[[100,5,8,0]]"
758,11,61,3660,Lần shopping thành công 3660,gói danh tiếng x10,"[[100,5,10,0]]"
759,11,62,3860,Lần shopping thành công 3860,gói danh tiếng x10,"[[100,5,10,0]]"
760,11,63,4060,Lần shopping thành công 4060,gói danh tiếng x10,"[[100,5,10,0]]"
761,11,64,4260,Lần shopping thành công 4260,gói danh tiếng x10,"[[100,5,10,0]]"
762,11,65,4460,Lần shopping thành công 4460,gói danh tiếng x10,"[[100,5,10,0]]"
763,11,66,4660,Lần shopping thành công 4660,gói danh tiếng x10,"[[100,5,10,0]]"
764,11,67,4860,Lần shopping thành công 4860,gói danh tiếng x10,"[[100,5,10,0]]"
765,11,68,5060,Lần shopping thành công 5060,gói danh tiếng x10,"[[100,5,10,0]]"
766,11,69,5260,Lần shopping thành công 5260,gói danh tiếng x10,"[[100,5,10,0]]"
767,11,70,5460,Lần shopping thành công 5460,gói danh tiếng x10,"[[100,5,10,0]]"
768,11,71,5660,Lần shopping thành công 5660,gói danh tiếng x12,"[[100,5,12,0]]"
769,11,72,5860,Lần shopping thành công 5860,gói danh tiếng x12,"[[100,5,12,0]]"
770,11,73,6060,Lần shopping thành công 6060,gói danh tiếng x12,"[[100,5,12,0]]"
771,11,74,6260,Lần shopping thành công 6260,gói danh tiếng x12,"[[100,5,12,0]]"
772,11,75,6460,Lần shopping thành công 6460,gói danh tiếng x12,"[[100,5,12,0]]"
773,11,76,6660,Lần shopping thành công 6660,gói danh tiếng x12,"[[100,5,12,0]]"
774,11,77,6860,Lần shopping thành công 6860,gói danh tiếng x12,"[[100,5,12,0]]"
775,11,78,7060,Lần shopping thành công 7060,gói danh tiếng x12,"[[100,5,12,0]]"
776,11,79,7260,Lần shopping thành công 7260,gói danh tiếng x12,"[[100,5,12,0]]"
777,11,80,7460,Lần shopping thành công 7460,gói danh tiếng x12,"[[100,5,12,0]]"
778,11,81,7760,Lần shopping thành công 7760,gói danh tiếng x14,"[[100,5,14,0]]"
779,11,82,8060,Lần shopping thành công 8060,gói danh tiếng x14,"[[100,5,14,0]]"
780,11,83,8360,Lần shopping thành công 8360,gói danh tiếng x14,"[[100,5,14,0]]"
781,11,84,8660,Lần shopping thành công 8660,gói danh tiếng x14,"[[100,5,14,0]]"
782,11,85,8960,Lần shopping thành công 8960,gói danh tiếng x14,"[[100,5,14,0]]"
783,11,86,9260,Lần shopping thành công 9260,gói danh tiếng x14,"[[100,5,14,0]]"
784,11,87,9560,Lần shopping thành công 9560,gói danh tiếng x14,"[[100,5,14,0]]"
785,11,88,9860,Lần shopping thành công 9860,gói danh tiếng x14,"[[100,5,14,0]]"
786,11,89,10160,Lần shopping thành công 10160,gói danh tiếng x14,"[[100,5,14,0]]"
787,11,90,10460,Lần shopping thành công 10460,gói danh tiếng x14,"[[100,5,14,0]]"
788,11,91,10760,Lần shopping thành công 10760,gói danh tiếng x16,"[[100,5,16,0]]"
789,11,92,11060,Lần shopping thành công 11060,gói danh tiếng x16,"[[100,5,16,0]]"
790,11,93,11360,Lần shopping thành công 11360,gói danh tiếng x16,"[[100,5,16,0]]"
791,11,94,11660,Lần shopping thành công 11660,gói danh tiếng x16,"[[100,5,16,0]]"
792,11,95,11960,Lần shopping thành công 11960,gói danh tiếng x16,"[[100,5,16,0]]"
793,11,96,12260,Lần shopping thành công 12260,gói danh tiếng x16,"[[100,5,16,0]]"
794,11,97,12560,Lần shopping thành công 12560,gói danh tiếng x16,"[[100,5,16,0]]"
795,11,98,12860,Lần shopping thành công 12860,gói danh tiếng x16,"[[100,5,16,0]]"
796,11,99,13160,Lần shopping thành công 13160,gói danh tiếng x16,"[[100,5,16,0]]"
797,11,100,13460,Lần shopping thành công 13460,gói danh tiếng x16,"[[100,5,16,0]]"
798,12,1,3,Số lần đi đu đưa 3,Fans 36k,"[[1,3,36000,0]]"
799,12,2,6,Số lần đi đu đưa 6,"Fans 70,2k","[[1,3,70200,0]]"
800,12,3,10,Số lần đi đu đưa 10,Fans 114k,"[[1,3,114000,0]]"
801,12,4,20,Số lần đi đu đưa 20,Fans 222k,"[[1,3,222000,0]]"
802,12,5,40,Số lần đi đu đưa 40,Fans 432k,"[[1,3,432000,0]]"
803,12,6,70,Số lần đi đu đưa 70,Fans 735k,"[[1,3,735000,0]]"
804,12,7,100,Số lần đi đu đưa 100,Fans 1m02m,"[[1,3,1020000,0]]"
805,12,8,140,Số lần đi đu đưa 140,"Fans 1,386m","[[1,3,1386000,0]]"
806,12,9,180,Số lần đi đu đưa 180,"Fans 1,728m","[[1,3,1728000,0]]"
807,12,10,230,Số lần đi đu đưa 230,"Fans 2,139m","[[1,3,2139000,0]]"
808,12,11,280,Số lần đi đu đưa 280,"Fans 2,52m","[[1,3,2520000,0]]"
809,12,12,340,Số lần đi đu đưa 340,"Fans 2,958m","[[1,3,2958000,0]]"
810,12,13,400,Số lần đi đu đưa 400,"Fans 3,36m","[[1,3,3360000,0]]"
811,12,14,480,Số lần đi đu đưa 480,"Fans 3,888m","[[1,3,3888000,0]]"
812,12,15,560,Số lần đi đu đưa 560,"Fans 4,368m","[[1,3,4368000,0]]"
813,12,16,660,Số lần đi đu đưa 660,"Fans 4,95m","[[1,3,4950000,0]]"
814,12,17,760,Số lần đi đu đưa 760,"Fans 5,472m","[[1,3,5472000,0]]"
815,12,18,880,Số lần đi đu đưa 880,"Fans 6,072m","[[1,3,6072000,0]]"
816,12,19,1000,Số lần đi đu đưa 1000,"Fans 6,6m","[[1,3,6600000,0]]"
817,12,20,1150,Số lần đi đu đưa 1150,"Fans 7,245m","[[1,3,7245000,0]]"
818,12,21,1300,Số lần đi đu đưa 1300,"Fans 7,8m","[[1,3,7800000,0]]"
819,12,22,1500,Số lần đi đu đưa 1500,"Fans 8,55m","[[1,3,8550000,0]]"
820,12,23,1700,Số lần đi đu đưa 1700,"Fans 9,18m","[[1,3,9180000,0]]"
821,12,24,1950,Số lần đi đu đưa 1950,"Fans 9,945m","[[1,3,9945000,0]]"
822,12,25,2200,Số lần đi đu đưa 2200,"Fans 10,56m","[[1,3,10560000,0]]"
823,12,26,2500,Số lần đi đu đưa 2500,"Fans 11,25m","[[1,3,11250000,0]]"
824,12,27,2800,Số lần đi đu đưa 2800,"Fans 12,6m","[[1,3,12600000,0]]"
825,12,28,3150,Số lần đi đu đưa 3150,"Fans 14,175m","[[1,3,14175000,0]]"
826,12,29,3500,Số lần đi đu đưa 3500,"Fans 15,75m","[[1,3,15750000,0]]"
827,12,30,3900,Số lần đi đu đưa 3900,"Fans 17,55m","[[1,3,17550000,0]]"
828,12,31,4300,Số lần đi đu đưa 4300,"Fans 19,35m","[[1,3,19350000,0]]"
829,12,32,4750,Số lần đi đu đưa 4750,"Fans 21,375m","[[1,3,21375000,0]]"
830,12,33,5200,Số lần đi đu đưa 5200,"Fans 23,4m","[[1,3,23400000,0]]"
831,12,34,5700,Số lần đi đu đưa 5700,"Fans 25,65m","[[1,3,25650000,0]]"
832,12,35,6200,Số lần đi đu đưa 6200,"Fans 27,9m","[[1,3,27900000,0]]"
833,12,36,6750,Số lần đi đu đưa 6750,"Fans 30,375m","[[1,3,30375000,0]]"
834,12,37,7300,Số lần đi đu đưa 7300,"Fans 32,85m","[[1,3,32850000,0]]"
835,12,38,7900,Số lần đi đu đưa 7900,"Fans 35,55m","[[1,3,35550000,0]]"
836,12,39,8500,Số lần đi đu đưa 8500,"Fans 38,25m","[[1,3,38250000,0]]"
837,12,40,9200,Số lần đi đu đưa 9200,"Fans 41,4m","[[1,3,41400000,0]]"
838,13,1,1,Cấp Vip 1,Gói cuộn x1,"[[100,66,1,0]]"
839,13,2,2,Cấp Vip 2,Gói cuộn x2,"[[100,66,2,0]]"
840,13,3,3,Cấp Vip 3,Gói cuộn x3,"[[100,66,3,0]]"
841,13,4,4,Cấp Vip 4,Gói cuộn x4,"[[100,66,4,0]]"
842,13,5,5,Cấp Vip 5,Gói cuộn x5,"[[100,66,5,0]]"
843,13,6,6,Cấp Vip 6,Gói cuộn x6,"[[100,66,6,0]]"
844,13,7,7,Cấp Vip 7,Gói cuộn x7,"[[100,66,7,0]]"
845,13,8,8,Cấp Vip 8,Gói cuộn x8,"[[100,66,8,0]]"
846,13,9,9,Cấp Vip 9,Gói cuộn x9,"[[100,66,9,0]]"
847,13,10,10,Cấp Vip 10,Gói cuộn x10,"[[100,66,10,0]]"
848,13,11,11,Cấp Vip 11,Gói cuộn x11,"[[100,66,11,0]]"
849,13,12,12,Cấp Vip 12,Gói cuộn x12,"[[100,66,12,0]]"
850,13,13,13,Cấp Vip 13,Gói cuộn x13,"[[100,66,13,0]]"
851,13,14,14,Cấp Vip 14,Gói cuộn x14,"[[100,66,14,0]]"
852,13,15,15,Cấp Vip 15,Gói cuộn x15,"[[100,66,15,0]]"
853,13,16,16,Cấp Vip 16,Gói cuộn x16,"[[100,66,16,0]]"
854,14,1,3,Lần diệt boss Gameshow 3,Túi chọn đạo cụ nâng cấp x2,"[[100,108,2,0]]"
855,14,2,6,Lần diệt boss Gameshow 6,Túi chọn đạo cụ nâng cấp x2,"[[100,108,2,0]]"
856,14,3,10,Lần diệt boss Gameshow 10,Túi chọn đạo cụ nâng cấp x2,"[[100,108,2,0]]"
857,14,4,20,Lần diệt boss Gameshow 20,Túi chọn đạo cụ nâng cấp x2,"[[100,108,2,0]]"
858,14,5,40,Lần diệt boss Gameshow 40,Túi chọn đạo cụ nâng cấp x2,"[[100,108,2,0]]"
859,14,6,70,Lần diệt boss Gameshow 70,Túi chọn đạo cụ nâng cấp x3,"[[100,108,3,0]]"
860,14,7,100,Lần diệt boss Gameshow 100,Túi chọn đạo cụ nâng cấp x3,"[[100,108,3,0]]"
861,14,8,140,Lần diệt boss Gameshow 140,Túi chọn đạo cụ nâng cấp x3,"[[100,108,3,0]]"
862,14,9,180,Lần diệt boss Gameshow 180,Túi chọn đạo cụ nâng cấp x3,"[[100,108,3,0]]"
863,14,10,230,Lần diệt boss Gameshow 230,Túi chọn đạo cụ nâng cấp x3,"[[100,108,3,0]]"
864,14,11,280,Lần diệt boss Gameshow 280,Túi chọn đạo cụ nâng cấp x4,"[[100,108,4,0]]"
865,14,12,340,Lần diệt boss Gameshow 340,Túi chọn đạo cụ nâng cấp x4,"[[100,108,4,0]]"
866,14,13,400,Lần diệt boss Gameshow 400,Túi chọn đạo cụ nâng cấp x4,"[[100,108,4,0]]"
867,14,14,480,Lần diệt boss Gameshow 480,Túi chọn đạo cụ nâng cấp x4,"[[100,108,4,0]]"
868,14,15,560,Lần diệt boss Gameshow 560,Túi chọn đạo cụ nâng cấp x4,"[[100,108,4,0]]"
869,14,16,660,Lần diệt boss Gameshow 660,Túi chọn đạo cụ nâng cấp x5,"[[100,108,5,0]]"
870,14,17,760,Lần diệt boss Gameshow 760,Túi chọn đạo cụ nâng cấp x5,"[[100,108,5,0]]"
871,14,18,880,Lần diệt boss Gameshow 880,Túi chọn đạo cụ nâng cấp x5,"[[100,108,5,0]]"
872,14,19,1000,Lần diệt boss Gameshow 1000,Túi chọn đạo cụ nâng cấp x5,"[[100,108,5,0]]"
873,14,20,1150,Lần diệt boss Gameshow 1150,Túi chọn đạo cụ nâng cấp x5,"[[100,108,5,0]]"
874,14,21,1300,Lần diệt boss Gameshow 1300,Túi chọn đạo cụ nâng cấp x6,"[[100,108,6,0]]"
875,14,22,1500,Lần diệt boss Gameshow 1500,Túi chọn đạo cụ nâng cấp x6,"[[100,108,6,0]]"
876,14,23,1700,Lần diệt boss Gameshow 1700,Túi chọn đạo cụ nâng cấp x6,"[[100,108,6,0]]"
877,14,24,1950,Lần diệt boss Gameshow 1950,Túi chọn đạo cụ nâng cấp x6,"[[100,108,6,0]]"
878,14,25,2200,Lần diệt boss Gameshow 2200,Túi chọn đạo cụ nâng cấp x6,"[[100,108,6,0]]"
879,14,26,2500,Lần diệt boss Gameshow 2500,Túi chọn đạo cụ nâng cấp x7,"[[100,108,7,0]]"
880,14,27,2800,Lần diệt boss Gameshow 2800,Túi chọn đạo cụ nâng cấp x7,"[[100,108,7,0]]"
881,14,28,3150,Lần diệt boss Gameshow 3150,Túi chọn đạo cụ nâng cấp x7,"[[100,108,7,0]]"
882,14,29,3500,Lần diệt boss Gameshow 3500,Túi chọn đạo cụ nâng cấp x7,"[[100,108,7,0]]"
883,14,30,3900,Lần diệt boss Gameshow 3900,Túi chọn đạo cụ nâng cấp x7,"[[100,108,7,0]]"
884,14,31,4300,Lần diệt boss Gameshow 4300,Túi chọn đạo cụ nâng cấp x8,"[[100,108,8,0]]"
885,14,32,4750,Lần diệt boss Gameshow 4750,Túi chọn đạo cụ nâng cấp x8,"[[100,108,8,0]]"
886,14,33,5200,Lần diệt boss Gameshow 5200,Túi chọn đạo cụ nâng cấp x8,"[[100,108,8,0]]"
887,14,34,5700,Lần diệt boss Gameshow 5700,Túi chọn đạo cụ nâng cấp x8,"[[100,108,8,0]]"
888,14,35,6200,Lần diệt boss Gameshow 6200,Túi chọn đạo cụ nâng cấp x8,"[[100,108,8,0]]"
889,14,36,6750,Lần diệt boss Gameshow 6750,Túi chọn đạo cụ nâng cấp x10,"[[100,108,10,0]]"
890,14,37,7300,Lần diệt boss Gameshow 7300,Túi chọn đạo cụ nâng cấp x10,"[[100,108,10,0]]"
891,14,38,7900,Lần diệt boss Gameshow 7900,Túi chọn đạo cụ nâng cấp x10,"[[100,108,10,0]]"
892,14,39,8500,Lần diệt boss Gameshow 8500,Túi chọn đạo cụ nâng cấp x10,"[[100,108,10,0]]"
893,14,40,9200,Lần diệt boss Gameshow 9200,Túi chọn đạo cụ nâng cấp x10,"[[100,108,10,0]]"